Representation_Name,Catalog_Coverage_N,Dimensions,Silhouette_Separation,Initialization_Stability,Subsample_Stability,Taxonomy_Dependence,Ingredient_Dependence,Variant_Sensitivity,Interpretability,Neighbor_Behavior,Known_Limitations,Source_Artifact
M_9D,"1004 (40.6%)",9,"0.518 (K=8)",0.885,0.842,"Implicit (5 roles as one-hot)",None,"High (variants share metadata)","High (sparse metadata)","Dominated by price and role","Covers only 5 roles; no ingredient differentiation",backend/experiments/clustering/kmeans_feature_space_v1/k_metrics.csv
MI_STEP7C,"1004 (40.6%)",39,"0.412 (K=8)",0.852,0.812,"Implicit (5 roles as one-hot)","High (Parser V1 30D SVD)","High (variants share ingredients)","Moderate (latent SVD dimensions)","Differentiates formula within role","Parser V1 token splitting errors (diol/slash)",backend/experiments/clustering/kmeans_feature_decision_v1/k_comparison.csv
MI_PARSED_V2,"1004 (40.6%)",39,"0.415 (K=8)",0.860,0.815,"Implicit (5 roles as one-hot)","High (Parser V2 30D SVD)","High (variants share ingredients)","Moderate (latent SVD dimensions)","Top-10 neighbor Jaccard overlap 0.8140 vs V1","Covers only 5-role subset (1004 products)",backend/experiments/clustering/ingredient_parser_audit_v1/k_comparison_v2.csv
TAX_LEAF,"2473 (100.0%)",21,"0.7595 (K=8)",0.9285,0.884,"Extreme (21 leaf one-hot)",None,"Moderate (same category variants)","Very High (discrete leaf identity)","All intra-leaf neighbors equidistant","No parent hierarchy context; discrete geometry creates artificial silhouette",backend/experiments/clustering/taxonomy_expansion_v1/k_metrics.csv
TAX_HIER,"2473 (100.0%)",28,"0.7896 (K=8)",0.915,0.871,"Extreme (21 leaves + 7 parents)",None,"Moderate (same category variants)","Very High (hierarchical parent-child)","Intra-parent cross-leaf neighbors closer","Discrete geometry creates artificial silhouette; no price or ingredient data",backend/experiments/clustering/taxonomy_expansion_v1/k_metrics.csv
TAX_PRICE,"2473 (100.0%)",29,"0.4966 (K=8)",0.825,0.820,"High (hierarchical multi-hot)",None,"High (different volumes have distinct prices)","High (category + price band)","Groups products by category and budget tier","No skin type compatibility or formulation features",backend/experiments/clustering/taxonomy_expansion_v1/k_metrics.csv
TAX_PRICE_SKIN,"2473 (100.0%)",32,"0.3762 (K=8)",0.7709,0.8066,"High (hierarchical multi-hot)",None,"High (variants share skin flags)","High (category + budget + skin compatibility)","Groups products by category, price, and skin concerns","Does not differentiate active ingredients within category",backend/experiments/clustering/taxonomy_expansion_v1/initialization_stability.csv
TAX_PRICE_SKIN_ING,"2473 (100.0%)",62,"0.2619 (K=8)",0.7923,0.8116,"Moderate-High (balanced with SVD)","Moderate-High (Parser V2 SVD 30D)","Material change (ARI=0.5655 on collapse)","Moderate (30 SVD latent dimensions)","Ingredient overlap increases +67.5% (0.1593 to 0.2668)","Continuous SVD dimensions reduce silhouette; 27 missing ingredients zeroed",backend/experiments/clustering/taxonomy_expansion_v1/subsample_stability.csv
BLOCK_NORMALIZED,"2473 (100.0%)",62,"0.1965 (K=8)",0.6544,0.654,"Moderate (block L2 scaled)","Moderate (block L2 scaled)","Material change under variant collapse","Moderate (normalized multi-block)","Equalized block influence across price/skin/ing/tax","Lower stability due to equalized variance across weak signals",backend/experiments/clustering/taxonomy_expansion_v1/feature_block_norms.csv
