Product_ID,SKU_ID,Role,role_cleanser,role_serum,role_moisturizer,role_sunscreen,role_treatment,log1p_price,skin_oily,skin_dry,skin_sensitive
P_4365,4365,CLEANSER,1,0,0,0,0,11.7676,1,0,0
P_21,21,CLEANSER,1,0,0,0,0,12.9288,1,0,1
P_350,350,SERUM,0,1,0,0,0,12.6082,0,0,1
P_62,62,SERUM,0,1,0,0,0,12.5742,0,1,0
P_139,139,MOISTURIZER,0,0,1,0,0,12.7038,0,0,1
P_318,318,MOISTURIZER,0,0,1,0,0,12.1281,0,1,0
P_16,16,SUNSCREEN,0,0,0,1,0,13.2159,1,0,0
P_725,725,SUNSCREEN,0,0,0,1,0,11.5327,1,0,0
P_112,112,TREATMENT,0,0,0,0,1,11.5617,1,0,0
P_740,740,TREATMENT,0,0,0,0,1,12.8213,1,0,1
