Pair_Comparison,Product_A,Product_B,Feature,Value_A,Value_B,Difference (A - B),Difference_Squared,Running_Sum_Squares,Final_Euclidean_Distance
Pair_A_Similar_Cleansers,P_4365 (Cosrx Cleanser),P_21 (LRP Cleanser),role_cleanser,1.0,1.0,0.0,0.0,0.0,
Pair_A_Similar_Cleansers,P_4365 (Cosrx Cleanser),P_21 (LRP Cleanser),role_serum,0.0,0.0,0.0,0.0,0.0,
Pair_A_Similar_Cleansers,P_4365 (Cosrx Cleanser),P_21 (LRP Cleanser),role_moisturizer,0.0,0.0,0.0,0.0,0.0,
Pair_A_Similar_Cleansers,P_4365 (Cosrx Cleanser),P_21 (LRP Cleanser),role_sunscreen,0.0,0.0,0.0,0.0,0.0,
Pair_A_Similar_Cleansers,P_4365 (Cosrx Cleanser),P_21 (LRP Cleanser),role_treatment,0.0,0.0,0.0,0.0,0.0,
Pair_A_Similar_Cleansers,P_4365 (Cosrx Cleanser),P_21 (LRP Cleanser),z_price,-1.0876,0.9604,-2.048,4.1943,4.1943,
Pair_A_Similar_Cleansers,P_4365 (Cosrx Cleanser),P_21 (LRP Cleanser),skin_oily,1.0,1.0,0.0,0.0,4.1943,
Pair_A_Similar_Cleansers,P_4365 (Cosrx Cleanser),P_21 (LRP Cleanser),skin_dry,0.0,0.0,0.0,0.0,4.1943,
Pair_A_Similar_Cleansers,P_4365 (Cosrx Cleanser),P_21 (LRP Cleanser),skin_sensitive,0.0,1.0,-1.0,1.0,5.1943,2.2791
Pair_B_Distinct_Roles,P_4365 (Cosrx Cleanser),P_16 (Anessa Sunscreen),role_cleanser,1.0,0.0,1.0,1.0,1.0,
Pair_B_Distinct_Roles,P_4365 (Cosrx Cleanser),P_16 (Anessa Sunscreen),role_serum,0.0,0.0,0.0,0.0,1.0,
Pair_B_Distinct_Roles,P_4365 (Cosrx Cleanser),P_16 (Anessa Sunscreen),role_moisturizer,0.0,0.0,0.0,0.0,1.0,
Pair_B_Distinct_Roles,P_4365 (Cosrx Cleanser),P_16 (Anessa Sunscreen),role_sunscreen,0.0,1.0,-1.0,1.0,2.0,
Pair_B_Distinct_Roles,P_4365 (Cosrx Cleanser),P_16 (Anessa Sunscreen),role_treatment,0.0,0.0,0.0,0.0,2.0,
Pair_B_Distinct_Roles,P_4365 (Cosrx Cleanser),P_16 (Anessa Sunscreen),z_price,-1.0876,1.4667,-2.5543,6.5244,8.5244,
Pair_B_Distinct_Roles,P_4365 (Cosrx Cleanser),P_16 (Anessa Sunscreen),skin_oily,1.0,1.0,0.0,0.0,8.5244,
Pair_B_Distinct_Roles,P_4365 (Cosrx Cleanser),P_16 (Anessa Sunscreen),skin_dry,0.0,0.0,0.0,0.0,8.5244,
Pair_B_Distinct_Roles,P_4365 (Cosrx Cleanser),P_16 (Anessa Sunscreen),skin_sensitive,0.0,0.0,0.0,0.0,8.5244,2.9197
Pair_C_Intermediate_Barrier,P_350 (Skin1004 Serum),P_139 (Klairs Moisturizer),role_cleanser,0.0,0.0,0.0,0.0,0.0,
Pair_C_Intermediate_Barrier,P_350 (Skin1004 Serum),P_139 (Klairs Moisturizer),role_serum,1.0,0.0,1.0,1.0,1.0,
Pair_C_Intermediate_Barrier,P_350 (Skin1004 Serum),P_139 (Klairs Moisturizer),role_moisturizer,0.0,1.0,-1.0,1.0,2.0,
Pair_C_Intermediate_Barrier,P_350 (Skin1004 Serum),P_139 (Klairs Moisturizer),role_sunscreen,0.0,0.0,0.0,0.0,2.0,
Pair_C_Intermediate_Barrier,P_350 (Skin1004 Serum),P_139 (Klairs Moisturizer),role_treatment,0.0,0.0,0.0,0.0,2.0,
Pair_C_Intermediate_Barrier,P_350 (Skin1004 Serum),P_139 (Klairs Moisturizer),z_price,0.395,0.5636,-0.1686,0.0284,2.0284,
Pair_C_Intermediate_Barrier,P_350 (Skin1004 Serum),P_139 (Klairs Moisturizer),skin_oily,0.0,0.0,0.0,0.0,2.0284,
Pair_C_Intermediate_Barrier,P_350 (Skin1004 Serum),P_139 (Klairs Moisturizer),skin_dry,0.0,0.0,0.0,0.0,2.0284,
Pair_C_Intermediate_Barrier,P_350 (Skin1004 Serum),P_139 (Klairs Moisturizer),skin_sensitive,1.0,1.0,0.0,0.0,2.0284,1.4242
