Rule,Stage,N_Baskets,N_A,N_B,N_AB,Support,Confidence,Lift,Pass_Support_Threshold,Pass_Confidence_Threshold,Generated_As_Rule,Apriori_Result,FPGrowth_Result,Delta_Support,Delta_Confidence,Delta_Lift
MAKEUP_REMOVAL -> CLEANSER,S20_B30,30,8,17,7,0.2333,0.875,1.5441,YES,YES,YES,Generated,Generated,0.0,0.0,0.0
CLEANSER -> TONER,S20_B30,30,17,8,6,0.2,0.3529,1.3235,YES,YES,YES,Generated,Generated,0.0,0.0,0.0
CLEANSER -> TREATMENT,S20_B30,30,17,6,4,0.1333,0.2353,1.1765,YES,YES,YES,Generated,Generated,0.0,0.0,0.0
SERUM -> MOISTURIZER,S20_B30,30,7,11,5,0.1667,0.7143,1.9481,YES,YES,YES,Generated,Generated,0.0,0.0,0.0
MOISTURIZER -> SUNSCREEN,S20_B30,30,11,8,5,0.1667,0.4545,1.7045,YES,YES,YES,Generated,Generated,0.0,0.0,0.0
CLEANSER -> MASK,S20_B30,30,17,5,3,0.1,0.1765,1.0588,YES,NO,NO,Filtered,Filtered,0.0,0.0,0.0
MAKEUP_REMOVAL -> CLEANSER,M40_B100,100,31,54,21,0.21,0.6774,1.2545,YES,YES,YES,Generated,Generated,-0.0233,-0.1976,-0.2896
CLEANSER -> TONER,M40_B100,100,54,25,13,0.13,0.2407,0.963,YES,YES,YES,Generated,Generated,-0.07,-0.1122,-0.3605
CLEANSER -> TREATMENT,M40_B100,100,54,20,14,0.14,0.2593,1.2963,YES,YES,YES,Generated,Generated,0.0067,0.024,0.1198
SERUM -> MOISTURIZER,M40_B100,100,37,48,24,0.24,0.6486,1.3514,YES,YES,YES,Generated,Generated,0.0733,-0.0657,-0.5967
MOISTURIZER -> SUNSCREEN,M40_B100,100,48,23,11,0.11,0.2292,0.9964,YES,YES,YES,Generated,Generated,-0.0567,-0.2253,-0.7081
CLEANSER -> MASK,M40_B100,100,54,30,21,0.21,0.3889,1.2963,YES,YES,YES,Generated,Generated,0.11,0.2124,0.2375
MAKEUP_REMOVAL -> CLEANSER,L80_B300,300,87,125,39,0.13,0.4483,1.0759,YES,YES,YES,Generated,Generated,-0.08,-0.2291,-0.1786
CLEANSER -> TONER,L80_B300,300,125,81,32,0.1067,0.256,0.9481,YES,YES,YES,Generated,Generated,-0.0233,0.0153,-0.0149
CLEANSER -> TREATMENT,L80_B300,300,125,89,43,0.1433,0.344,1.1596,YES,YES,YES,Generated,Generated,0.0033,0.0847,-0.1367
SERUM -> MOISTURIZER,L80_B300,300,91,139,55,0.1833,0.6044,1.3045,YES,YES,YES,Generated,Generated,-0.0567,-0.0442,-0.0469
MOISTURIZER -> SUNSCREEN,L80_B300,300,139,104,49,0.1633,0.3525,1.0169,YES,YES,YES,Generated,Generated,0.0533,0.1233,0.0205
CLEANSER -> MASK,L80_B300,300,125,85,47,0.1567,0.376,1.3271,YES,YES,YES,Generated,Generated,-0.0533,-0.0129,0.0308
