Config,K,Restarts_Count,Best_WCSS,Median_WCSS,Worst_WCSS,Std_WCSS,Mean_ARI_to_Best,Median_ARI_to_Best
Config_M,6,50,865.9119,895.29,1033.9243,45.4543,0.6981,0.6815
Config_M,7,50,787.7773,822.5686,944.5917,37.162,0.7221,0.7403
Config_M,8,50,721.2489,758.7674,860.7039,31.9321,0.7318,0.7389
Config_MI,6,50,997.18,1002.3249,1094.9143,24.8124,0.8119,0.7625
Config_MI,7,50,963.3767,974.3663,1061.1761,17.477,0.8109,0.8221
Config_MI,8,50,934.7186,948.4827,986.8524,11.6329,0.7834,0.7866
Config_MIT,6,50,1560.5004,1579.9008,1687.3792,27.9239,0.7647,0.7609
Config_MIT,7,50,1501.8448,1528.9202,1639.7596,23.357,0.8168,0.8205
Config_MIT,8,50,1459.4942,1492.1695,1550.415,23.8313,0.8208,0.8308
