ma_san_pham_nguon,ma_san_pham
1,1
2,2
4,3
5,4
6,5
7,6
10,7
11,8
12,9
13,10
14,11
16,12
17,13
18,14
20,15
21,16
22,17
23,18
25,19
27,20
29,21
31,22
32,23
33,24
34,25
35,26
36,27
38,28
39,29
42,30
44,31
45,32
46,33
47,34
48,35
49,36
50,37
51,38
52,39
54,40
55,41
58,42
59,43
60,44
62,45
63,46
64,47
65,48
66,49
67,50
68,51
70,52
72,53
75,54
77,55
78,56
81,57
82,58
83,59
86,60
87,61
90,62
91,63
92,64
93,65
98,66
100,67
101,68
103,69
104,70
106,71
108,72
109,73
110,74
112,75
115,76
121,77
122,78
123,79
124,80
125,81
126,82
128,83
130,84
131,85
132,86
133,87
134,88
135,89
138,90
139,91
140,92
141,93
143,94
144,95
146,96
150,97
151,98
152,99
153,100
155,101
156,102
157,103
160,104
161,105
162,106
165,107
166,108
167,109
168,110
171,111
172,112
173,113
175,114
176,115
180,116
182,117
183,118
184,119
186,120
187,121
189,122
190,123
191,124
193,125
194,126
195,127
199,128
201,129
202,130
203,131
204,132
206,133
210,134
212,135
214,136
215,137
218,138
219,139
221,140
222,141
223,142
224,143
225,144
227,145
228,146
231,147
232,148
233,149
234,150
236,151
237,152
240,153
244,154
246,155
248,156
249,157
252,158
253,159
255,160
258,161
260,162
261,163
263,164
265,165
266,166
269,167
270,168
271,169
273,170
274,171
275,172
277,173
280,174
281,175
283,176
284,177
285,178
287,179
288,180
294,181
298,182
299,183
300,184
302,185
308,186
314,187
315,188
317,189
318,190
321,191
322,192
327,193
331,194
334,195
339,196
340,197
343,198
344,199
349,200
350,201
353,202
356,203
360,204
361,205
364,206
367,207
370,208
373,209
376,210
378,211
380,212
381,213
382,214
384,215
385,216
392,217
396,218
397,219
398,220
400,221
401,222
404,223
407,224
408,225
409,226
413,227
414,228
419,229
426,230
427,231
429,232
434,233
436,234
438,235
441,236
442,237
446,238
447,239
448,240
449,241
450,242
452,243
455,244
456,245
459,246
460,247
462,248
463,249
465,250
466,251
469,252
470,253
472,254
473,255
476,256
479,257
485,258
487,259
493,260
497,261
502,262
503,263
505,264
506,265
510,266
517,267
522,268
535,269
536,270
541,271
548,272
550,273
552,274
559,275
561,276
562,277
563,278
564,279
567,280
570,281
571,282
573,283
576,284
577,285
579,286
582,287
584,288
585,289
587,290
588,291
589,292
595,293
597,294
602,295
603,296
604,297
607,298
608,299
611,300
612,301
615,302
616,303
618,304
619,305
622,306
628,307
629,308
635,309
636,310
637,311
639,312
641,313
643,314
644,315
645,316
646,317
647,318
648,319
650,320
651,321
653,322
654,323
655,324
656,325
657,326
659,327
664,328
665,329
668,330
669,331
670,332
671,333
672,334
673,335
674,336
675,337
678,338
679,339
683,340
684,341
685,342
686,343
691,344
695,345
696,346
699,347
702,348
705,349
709,350
712,351
713,352
715,353
717,354
728,355
729,356
730,357
731,358
736,359
739,360
740,361
742,362
743,363
744,364
745,365
746,366
747,367
749,368
753,369
754,370
755,371
756,372
757,373
758,374
759,375
761,376
762,377
763,378
766,379
770,380
771,381
772,382
773,383
775,384
776,385
781,386
782,387
783,388
786,389
788,390
789,391
791,392
793,393
796,394
797,395
799,396
802,397
803,398
806,399
809,400
811,401
812,402
814,403
815,404
820,405
822,406
826,407
827,408
828,409
829,410
830,411
834,412
835,413
836,414
838,415
842,416
849,417
850,418
851,419
854,420
858,421
860,422
861,423
862,424
868,425
870,426
874,427
875,428
878,429
880,430
881,431
882,432
883,433
885,434
887,435
897,436
899,437
902,438
905,439
906,440
912,441
916,442
918,443
919,444
922,445
923,446
924,447
925,448
928,449
929,450
931,451
934,452
936,453
939,454
940,455
943,456
955,457
957,458
960,459
962,460
964,461
965,462
967,463
975,464
978,465
983,466
989,467
992,468
995,469
997,470
998,471
1000,472
1003,473
1004,474
1005,475
1009,476
1021,477
1023,478
1024,479
1029,480
1031,481
1039,482
1043,483
1047,484
1048,485
1049,486
1055,487
1057,488
1059,489
1061,490
1062,491
1067,492
1069,493
1070,494
1077,495
1078,496
1079,497
1085,498
1086,499
1088,500
1089,501
1090,502
1092,503
1093,504
1098,505
1102,506
1104,507
1106,508
1107,509
1108,510
1110,511
1111,512
1113,513
1117,514
1121,515
1122,516
1125,517
1127,518
1131,519
1138,520
1141,521
1143,522
1150,523
1152,524
1153,525
1155,526
1157,527
1159,528
1161,529
1164,530
1165,531
1170,532
1171,533
1176,534
1177,535
1179,536
1183,537
1198,538
1199,539
1200,540
1203,541
1204,542
1205,543
1211,544
1214,545
1220,546
1221,547
1233,548
1234,549
1235,550
1239,551
1240,552
1245,553
1246,554
1253,555
1260,556
1262,557
1266,558
1270,559
1272,560
1274,561
1278,562
1280,563
1291,564
1295,565
1307,566
1311,567
1313,568
1314,569
1315,570
1316,571
1321,572
1322,573
1325,574
1329,575
1333,576
1334,577
1342,578
1347,579
1348,580
1351,581
1360,582
1362,583
1363,584
1366,585
1368,586
1371,587
1372,588
1373,589
1375,590
1378,591
1386,592
1387,593
1390,594
1391,595
1393,596
1395,597
1397,598
1401,599
1402,600
1403,601
1412,602
1418,603
1426,604
1428,605
1429,606
1431,607
1434,608
1443,609
1446,610
1449,611
1452,612
1453,613
1458,614
1461,615
1465,616
1469,617
1473,618
1476,619
1477,620
1478,621
1479,622
1481,623
1482,624
1483,625
1485,626
1487,627
1492,628
1494,629
1496,630
1500,631
1503,632
1504,633
1506,634
1508,635
1510,636
1517,637
1520,638
1523,639
1528,640
1531,641
1539,642
1540,643
1544,644
1554,645
1555,646
1561,647
1562,648
1567,649
1571,650
1576,651
1577,652
1583,653
1589,654
1590,655
1591,656
1594,657
1596,658
1601,659
1616,660
1617,661
1618,662
1623,663
1624,664
1625,665
1626,666
1633,667
1634,668
1635,669
1637,670
1638,671
1640,672
1651,673
1652,674
1654,675
1655,676
1657,677
1660,678
1662,679
1665,680
1672,681
1673,682
1674,683
1678,684
1685,685
1686,686
1687,687
1690,688
1700,689
1703,690
1707,691
1713,692
1716,693
1724,694
1725,695
1728,696
1729,697
1731,698
1735,699
1743,700
1745,701
1746,702
1747,703
1748,704
1749,705
1753,706
1758,707
1759,708
1763,709
1764,710
1766,711
1772,712
1780,713
1783,714
1789,715
1791,716
1795,717
1796,718
1798,719
1800,720
1810,721
1811,722
1816,723
1819,724
1826,725
1835,726
1837,727
1838,728
1842,729
1851,730
1861,731
1862,732
1868,733
1869,734
1871,735
1872,736
1877,737
1878,738
1882,739
1884,740
1885,741
1889,742
1894,743
1902,744
1907,745
1913,746
1921,747
1925,748
1926,749
1935,750
1942,751
1943,752
1944,753
1961,754
1968,755
1976,756
1979,757
1990,758
1997,759
1999,760
2004,761
2007,762
2009,763
2020,764
2025,765
2028,766
2032,767
2036,768
2045,769
2054,770
2055,771
2057,772
2063,773
2064,774
2068,775
2069,776
2075,777
2079,778
2086,779
2096,780
2098,781
2108,782
2110,783
2119,784
2120,785
2121,786
2122,787
2123,788
2129,789
2131,790
2135,791
2136,792
2137,793
2160,794
2161,795
2178,796
2179,797
2182,798
2183,799
2185,800
2186,801
2187,802
2190,803
2192,804
2201,805
2205,806
2206,807
2215,808
2217,809
2227,810
2239,811
2245,812
2252,813
2259,814
2261,815
2263,816
2268,817
2274,818
2277,819
2282,820
2284,821
2293,822
2299,823
2302,824
2312,825
2314,826
2315,827
2321,828
2322,829
2331,830
2334,831
2339,832
2342,833
2348,834
2350,835
2351,836
2353,837
2354,838
2362,839
2366,840
2378,841
2382,842
2394,843
2396,844
2407,845
2410,846
2411,847
2412,848
2416,849
2418,850
2427,851
2432,852
2435,853
2437,854
2439,855
2440,856
2445,857
2447,858
2450,859
2451,860
2455,861
2458,862
2460,863
2461,864
2462,865
2463,866
2466,867
2468,868
2469,869
2476,870
2477,871
2484,872
2499,873
2503,874
2512,875
2516,876
2517,877
2521,878
2522,879
2530,880
2535,881
2541,882
2542,883
2555,884
2570,885
2588,886
2610,887
2612,888
2614,889
2621,890
2623,891
2625,892
2631,893
2632,894
2633,895
2639,896
2641,897
2645,898
2648,899
2650,900
2659,901
2661,902
2670,903
2675,904
2677,905
2691,906
2701,907
2705,908
2707,909
2723,910
2727,911
2733,912
2739,913
2740,914
2749,915
2754,916
2758,917
2780,918
2782,919
2794,920
2803,921
2809,922
2811,923
2832,924
2834,925
2835,926
2847,927
2851,928
2853,929
2855,930
2856,931
2858,932
2880,933
2891,934
2893,935
2895,936
2899,937
2904,938
2909,939
2928,940
2936,941
2943,942
2947,943
2951,944
2956,945
2967,946
2973,947
2976,948
2986,949
2994,950
3014,951
3015,952
3019,953
3026,954
3031,955
3038,956
3051,957
3053,958
3056,959
3066,960
3068,961
3088,962
3090,963
3091,964
3103,965
3117,966
3143,967
3164,968
3180,969
3210,970
3213,971
3215,972
3216,973
3237,974
3241,975
3245,976
3254,977
3259,978
3269,979
3272,980
3273,981
3284,982
3299,983
3300,984
3305,985
3307,986
3315,987
3316,988
3318,989
3324,990
3331,991
3344,992
3351,993
3352,994
3357,995
3358,996
3366,997
3376,998
3378,999
3381,1000
3384,1001
3391,1002
3398,1003
3413,1004
3420,1005
3428,1006
3438,1007
3445,1008
3458,1009
3464,1010
3466,1011
3479,1012
3487,1013
3504,1014
3510,1015
3523,1016
3530,1017
3531,1018
3532,1019
3536,1020
3545,1021
3548,1022
3568,1023
3576,1024
3605,1025
3606,1026
3625,1027
3658,1028
3661,1029
3688,1030
3697,1031
3698,1032
3708,1033
3712,1034
3718,1035
3719,1036
3729,1037
3766,1038
3767,1039
3774,1040
3779,1041
3780,1042
3786,1043
3795,1044
3821,1045
3838,1046
3850,1047
3859,1048
3897,1049
3943,1050
3949,1051
3950,1052
3970,1053
3973,1054
3981,1055
4013,1056
4028,1057
4029,1058
4032,1059
4041,1060
4111,1061
4118,1062
4120,1063
4125,1064
4136,1065
4161,1066
4169,1067
4190,1068
4191,1069
4194,1070
4205,1071
4209,1072
4227,1073
4242,1074
4259,1075
4261,1076
4271,1077
4274,1078
4276,1079
4284,1080
4287,1081
4303,1082
4309,1083
4310,1084
4329,1085
4330,1086
4332,1087
4349,1088
4365,1089
4372,1090
4373,1091
4376,1092
4381,1093
4391,1094
4394,1095
4400,1096
4401,1097
4402,1098
4411,1099
4421,1100
4424,1101
4449,1102
4450,1103
4451,1104
4456,1105
4460,1106
4473,1107
4475,1108
4476,1109
4477,1110
4479,1111
4480,1112
4481,1113
4491,1114
4500,1115
4501,1116
4507,1117
4508,1118
4509,1119
4513,1120
4526,1121
4544,1122
4545,1123
4550,1124
4552,1125
4562,1126
4569,1127
4573,1128
4579,1129
4584,1130
4592,1131
4595,1132
4600,1133
4606,1134
4636,1135
4637,1136
4642,1137
4643,1138
4649,1139
4654,1140
4655,1141
4658,1142
4661,1143
4675,1144
4679,1145
4688,1146
4695,1147
4701,1148
4711,1149
4714,1150
4716,1151
4722,1152
4728,1153
4730,1154
4735,1155
4742,1156
4744,1157
4746,1158
4756,1159
4761,1160
4770,1161
4782,1162
4783,1163
4786,1164
4797,1165
4807,1166
4812,1167
4815,1168
4816,1169
4819,1170
4822,1171
4825,1172
4830,1173
4838,1174
4841,1175
4842,1176
4857,1177
4873,1178
4874,1179
4877,1180
4880,1181
4881,1182
4882,1183
4896,1184
4910,1185
4912,1186
4924,1187
4925,1188
4933,1189
4938,1190
4944,1191
4948,1192
4966,1193
4967,1194
4969,1195
4976,1196
4997,1197
5000,1198
5003,1199
5007,1200
5008,1201
5019,1202
5027,1203
5030,1204
5040,1205
5042,1206
5053,1207
5054,1208
5061,1209
5070,1210
5078,1211
5086,1212
5091,1213
5092,1214
5095,1215
5097,1216
5107,1217
5108,1218
5113,1219
5114,1220
5116,1221
5142,1222
5157,1223
5167,1224
5175,1225
5181,1226
5187,1227
5189,1228
5203,1229
5211,1230
5212,1231
5229,1232
5239,1233
5240,1234
5246,1235
5251,1236
5257,1237
5262,1238
5264,1239
5266,1240
5273,1241
5287,1242
5294,1243
5303,1244
5313,1245
5315,1246
5318,1247
5322,1248
5337,1249
5354,1250
5356,1251
5364,1252
5389,1253
5400,1254
5414,1255
5422,1256
5423,1257
5435,1258
5437,1259
5440,1260
5461,1261
5465,1262
5468,1263
5469,1264
5474,1265
5501,1266
5505,1267
5519,1268
5537,1269
5566,1270
5590,1271
5595,1272
5611,1273
5616,1274
5618,1275
5639,1276
5655,1277
5668,1278
5685,1279
5687,1280
5698,1281
5707,1282
5708,1283
5713,1284
5727,1285
5732,1286
5736,1287
5737,1288
5741,1289
5747,1290
5748,1291
5752,1292
5778,1293
5782,1294
5783,1295
5785,1296
5788,1297
5789,1298
5791,1299
5799,1300
5807,1301
5808,1302
5816,1303
5818,1304
5819,1305
5824,1306
5825,1307
5826,1308
5830,1309
5835,1310
5837,1311
5841,1312
5850,1313
5858,1314
5859,1315
5865,1316
5881,1317
5902,1318
5903,1319
5904,1320
5916,1321
5925,1322
5928,1323
5936,1324
5939,1325
5945,1326
5963,1327
5974,1328
5975,1329
5979,1330
5990,1331
5999,1332
6000,1333
6009,1334
6011,1335
6015,1336
6029,1337
6032,1338
6033,1339
6034,1340
6041,1341
6042,1342
6045,1343
6064,1344
6078,1345
6094,1346
6095,1347
6097,1348
6098,1349
6102,1350
6106,1351
6112,1352
6113,1353
6126,1354
6137,1355
6140,1356
6142,1357
6151,1358
6161,1359
6171,1360
6176,1361
6182,1362
6202,1363
6203,1364
6204,1365
6227,1366
6228,1367
6244,1368
6254,1369
6274,1370
6279,1371
6283,1372
6286,1373
6289,1374
6300,1375
6306,1376
6309,1377
6313,1378
6315,1379
6324,1380
6334,1381
6335,1382
6336,1383
6339,1384
6350,1385
6364,1386
6376,1387
