Product_A,Product_B,Role_A,Role_B,Same_Cluster_S40,Same_Cluster_M80,Same_Cluster_L200,Same_Cluster_FULL,Persistence_Stages_Count
P_4365,P_21,CLEANSER,CLEANSER,True,False,False,False,1
P_4365,P_2654,CLEANSER,CLEANSER,False,False,True,True,2
P_4365,P_2939,CLEANSER,CLEANSER,False,True,True,True,3
P_4365,P_255,CLEANSER,CLEANSER,True,False,False,False,1
P_4365,P_2740,CLEANSER,CLEANSER,True,False,False,False,1
P_4365,P_5537,CLEANSER,CLEANSER,True,False,False,False,1
P_4365,P_1315,CLEANSER,CLEANSER,True,False,False,False,1
P_4365,P_350,CLEANSER,SERUM,False,False,False,False,0
P_4365,P_62,CLEANSER,SERUM,False,False,False,False,0
P_4365,P_1176,CLEANSER,SERUM,False,False,True,True,2
P_4365,P_761,CLEANSER,SERUM,False,False,True,False,1
P_4365,P_2263,CLEANSER,SERUM,False,False,False,False,0
P_4365,P_755,CLEANSER,SERUM,False,False,False,False,0
P_4365,P_2348,CLEANSER,SERUM,False,False,False,False,0
P_4365,P_4688,CLEANSER,SERUM,False,False,False,False,0
P_4365,P_139,CLEANSER,MOISTURIZER,False,False,False,False,0
P_4365,P_318,CLEANSER,MOISTURIZER,False,False,False,False,0
P_4365,P_469,CLEANSER,MOISTURIZER,False,False,True,True,2
P_4365,P_1240,CLEANSER,MOISTURIZER,False,False,True,True,2
P_4365,P_5974,CLEANSER,MOISTURIZER,False,False,False,False,0
P_4365,P_4457,CLEANSER,MOISTURIZER,False,False,False,False,0
P_4365,P_294,CLEANSER,MOISTURIZER,False,False,False,False,0
P_4365,P_5092,CLEANSER,MOISTURIZER,False,False,False,False,0
P_4365,P_16,CLEANSER,SUNSCREEN,False,False,False,False,0
P_4365,P_725,CLEANSER,SUNSCREEN,False,True,True,False,2
P_4365,P_3950,CLEANSER,SUNSCREEN,False,True,True,True,3
P_4365,P_1657,CLEANSER,SUNSCREEN,False,False,True,True,2
P_4365,P_1192,CLEANSER,SUNSCREEN,False,False,False,False,0
P_4365,P_3066,CLEANSER,SUNSCREEN,False,False,False,False,0
P_4365,P_2362,CLEANSER,SUNSCREEN,False,False,False,False,0
P_4365,P_10,CLEANSER,SUNSCREEN,False,False,False,False,0
P_4365,P_112,CLEANSER,TREATMENT,False,True,False,True,2
P_4365,P_740,CLEANSER,TREATMENT,False,False,False,False,0
P_4365,P_357,CLEANSER,TREATMENT,False,True,False,True,2
P_4365,P_1617,CLEANSER,TREATMENT,False,True,False,True,2
P_4365,P_2394,CLEANSER,TREATMENT,False,False,False,False,0
P_4365,P_283,CLEANSER,TREATMENT,False,False,False,False,0
P_4365,P_880,CLEANSER,TREATMENT,False,False,False,False,0
P_4365,P_964,CLEANSER,TREATMENT,False,False,False,False,0
P_21,P_2654,CLEANSER,CLEANSER,False,False,False,False,0
P_21,P_2939,CLEANSER,CLEANSER,False,False,False,False,0
P_21,P_255,CLEANSER,CLEANSER,True,False,False,True,2
P_21,P_2740,CLEANSER,CLEANSER,True,False,False,True,2
P_21,P_5537,CLEANSER,CLEANSER,True,False,False,True,2
P_21,P_1315,CLEANSER,CLEANSER,True,True,True,True,4
P_21,P_350,CLEANSER,SERUM,False,False,False,False,0
P_21,P_62,CLEANSER,SERUM,False,False,False,False,0
P_21,P_1176,CLEANSER,SERUM,False,False,False,False,0
P_21,P_761,CLEANSER,SERUM,False,False,False,False,0
P_21,P_2263,CLEANSER,SERUM,False,False,False,False,0
P_21,P_755,CLEANSER,SERUM,False,False,False,False,0
P_21,P_2348,CLEANSER,SERUM,False,False,False,False,0
P_21,P_4688,CLEANSER,SERUM,False,False,False,False,0
P_21,P_139,CLEANSER,MOISTURIZER,False,False,False,False,0
P_21,P_318,CLEANSER,MOISTURIZER,False,False,False,False,0
P_21,P_469,CLEANSER,MOISTURIZER,False,False,False,False,0
P_21,P_1240,CLEANSER,MOISTURIZER,False,False,False,False,0
P_21,P_5974,CLEANSER,MOISTURIZER,False,False,False,False,0
P_21,P_4457,CLEANSER,MOISTURIZER,False,False,False,False,0
P_21,P_294,CLEANSER,MOISTURIZER,False,False,False,False,0
P_21,P_5092,CLEANSER,MOISTURIZER,False,False,False,False,0
P_21,P_16,CLEANSER,SUNSCREEN,False,True,True,False,2
P_21,P_725,CLEANSER,SUNSCREEN,False,False,False,False,0
P_21,P_3950,CLEANSER,SUNSCREEN,False,False,False,False,0
P_21,P_1657,CLEANSER,SUNSCREEN,False,False,False,False,0
P_21,P_1192,CLEANSER,SUNSCREEN,False,True,True,False,2
P_21,P_3066,CLEANSER,SUNSCREEN,False,False,False,False,0
P_21,P_2362,CLEANSER,SUNSCREEN,False,False,False,False,0
P_21,P_10,CLEANSER,SUNSCREEN,False,False,False,False,0
P_21,P_112,CLEANSER,TREATMENT,False,False,False,False,0
P_21,P_740,CLEANSER,TREATMENT,False,True,True,True,3
P_21,P_357,CLEANSER,TREATMENT,False,False,False,False,0
P_21,P_1617,CLEANSER,TREATMENT,False,False,False,False,0
P_21,P_2394,CLEANSER,TREATMENT,False,True,True,True,3
P_21,P_283,CLEANSER,TREATMENT,False,True,True,True,3
P_21,P_880,CLEANSER,TREATMENT,False,True,True,True,3
P_21,P_964,CLEANSER,TREATMENT,False,True,True,True,3
P_2654,P_2939,CLEANSER,CLEANSER,True,False,True,True,3
P_2654,P_255,CLEANSER,CLEANSER,False,False,False,False,0
P_2654,P_2740,CLEANSER,CLEANSER,False,False,False,False,0
P_2654,P_5537,CLEANSER,CLEANSER,False,False,False,False,0
P_2654,P_1315,CLEANSER,CLEANSER,False,False,False,False,0
P_2654,P_350,CLEANSER,SERUM,False,False,False,False,0
P_2654,P_62,CLEANSER,SERUM,False,False,False,False,0
P_2654,P_1176,CLEANSER,SERUM,True,True,True,True,4
P_2654,P_761,CLEANSER,SERUM,False,True,True,False,2
P_2654,P_2263,CLEANSER,SERUM,False,False,False,False,0
P_2654,P_755,CLEANSER,SERUM,False,False,False,False,0
P_2654,P_2348,CLEANSER,SERUM,False,False,False,False,0
P_2654,P_4688,CLEANSER,SERUM,False,False,False,False,0
P_2654,P_139,CLEANSER,MOISTURIZER,False,False,False,False,0
P_2654,P_318,CLEANSER,MOISTURIZER,False,False,False,False,0
P_2654,P_469,CLEANSER,MOISTURIZER,True,True,True,True,4
P_2654,P_1240,CLEANSER,MOISTURIZER,True,True,True,True,4
P_2654,P_5974,CLEANSER,MOISTURIZER,False,False,False,False,0
P_2654,P_4457,CLEANSER,MOISTURIZER,False,False,False,False,0
P_2654,P_294,CLEANSER,MOISTURIZER,False,False,False,False,0
P_2654,P_5092,CLEANSER,MOISTURIZER,False,False,False,False,0
P_2654,P_16,CLEANSER,SUNSCREEN,False,False,False,False,0
P_2654,P_725,CLEANSER,SUNSCREEN,True,False,True,False,2
P_2654,P_3950,CLEANSER,SUNSCREEN,True,False,True,True,3
P_2654,P_1657,CLEANSER,SUNSCREEN,True,True,True,True,4
P_2654,P_1192,CLEANSER,SUNSCREEN,False,False,False,False,0
P_2654,P_3066,CLEANSER,SUNSCREEN,False,False,False,False,0
P_2654,P_2362,CLEANSER,SUNSCREEN,False,False,False,False,0
P_2654,P_10,CLEANSER,SUNSCREEN,False,False,False,False,0
P_2654,P_112,CLEANSER,TREATMENT,True,False,False,True,2
P_2654,P_740,CLEANSER,TREATMENT,False,False,False,False,0
P_2654,P_357,CLEANSER,TREATMENT,True,False,False,True,2
P_2654,P_1617,CLEANSER,TREATMENT,True,False,False,True,2
P_2654,P_2394,CLEANSER,TREATMENT,False,False,False,False,0
P_2654,P_283,CLEANSER,TREATMENT,False,False,False,False,0
P_2654,P_880,CLEANSER,TREATMENT,False,False,False,False,0
P_2654,P_964,CLEANSER,TREATMENT,False,False,False,False,0
P_2939,P_255,CLEANSER,CLEANSER,False,False,False,False,0
P_2939,P_2740,CLEANSER,CLEANSER,False,False,False,False,0
P_2939,P_5537,CLEANSER,CLEANSER,False,False,False,False,0
P_2939,P_1315,CLEANSER,CLEANSER,False,False,False,False,0
P_2939,P_350,CLEANSER,SERUM,False,False,False,False,0
P_2939,P_62,CLEANSER,SERUM,False,False,False,False,0
P_2939,P_1176,CLEANSER,SERUM,True,False,True,True,3
P_2939,P_761,CLEANSER,SERUM,False,False,True,False,1
P_2939,P_2263,CLEANSER,SERUM,False,False,False,False,0
P_2939,P_755,CLEANSER,SERUM,False,False,False,False,0
P_2939,P_2348,CLEANSER,SERUM,False,False,False,False,0
P_2939,P_4688,CLEANSER,SERUM,False,False,False,False,0
P_2939,P_139,CLEANSER,MOISTURIZER,False,False,False,False,0
P_2939,P_318,CLEANSER,MOISTURIZER,False,False,False,False,0
P_2939,P_469,CLEANSER,MOISTURIZER,True,False,True,True,3
P_2939,P_1240,CLEANSER,MOISTURIZER,True,False,True,True,3
P_2939,P_5974,CLEANSER,MOISTURIZER,False,False,False,False,0
P_2939,P_4457,CLEANSER,MOISTURIZER,False,False,False,False,0
P_2939,P_294,CLEANSER,MOISTURIZER,False,False,False,False,0
P_2939,P_5092,CLEANSER,MOISTURIZER,False,False,False,False,0
P_2939,P_16,CLEANSER,SUNSCREEN,False,False,False,False,0
P_2939,P_725,CLEANSER,SUNSCREEN,True,True,True,False,3
P_2939,P_3950,CLEANSER,SUNSCREEN,True,True,True,True,4
P_2939,P_1657,CLEANSER,SUNSCREEN,True,False,True,True,3
P_2939,P_1192,CLEANSER,SUNSCREEN,False,False,False,False,0
P_2939,P_3066,CLEANSER,SUNSCREEN,False,False,False,False,0
P_2939,P_2362,CLEANSER,SUNSCREEN,False,False,False,False,0
P_2939,P_10,CLEANSER,SUNSCREEN,False,False,False,False,0
P_2939,P_112,CLEANSER,TREATMENT,True,True,False,True,3
P_2939,P_740,CLEANSER,TREATMENT,False,False,False,False,0
P_2939,P_357,CLEANSER,TREATMENT,True,True,False,True,3
P_2939,P_1617,CLEANSER,TREATMENT,True,True,False,True,3
P_2939,P_2394,CLEANSER,TREATMENT,False,False,False,False,0
P_2939,P_283,CLEANSER,TREATMENT,False,False,False,False,0
P_2939,P_880,CLEANSER,TREATMENT,False,False,False,False,0
P_2939,P_964,CLEANSER,TREATMENT,False,False,False,False,0
P_255,P_2740,CLEANSER,CLEANSER,True,True,True,True,4
P_255,P_5537,CLEANSER,CLEANSER,True,True,True,True,4
P_255,P_1315,CLEANSER,CLEANSER,True,False,False,True,2
P_255,P_350,CLEANSER,SERUM,False,False,False,False,0
P_255,P_62,CLEANSER,SERUM,False,False,False,False,0
P_255,P_1176,CLEANSER,SERUM,False,False,False,False,0
P_255,P_761,CLEANSER,SERUM,False,False,False,False,0
P_255,P_2263,CLEANSER,SERUM,False,False,False,False,0
P_255,P_755,CLEANSER,SERUM,False,False,False,False,0
P_255,P_2348,CLEANSER,SERUM,False,False,False,False,0
P_255,P_4688,CLEANSER,SERUM,False,False,False,False,0
P_255,P_139,CLEANSER,MOISTURIZER,False,True,True,False,2
P_255,P_318,CLEANSER,MOISTURIZER,False,True,True,False,2
P_255,P_469,CLEANSER,MOISTURIZER,False,False,False,False,0
P_255,P_1240,CLEANSER,MOISTURIZER,False,False,False,False,0
P_255,P_5974,CLEANSER,MOISTURIZER,False,True,True,False,2
P_255,P_4457,CLEANSER,MOISTURIZER,False,True,True,False,2
P_255,P_294,CLEANSER,MOISTURIZER,False,True,True,False,2
P_255,P_5092,CLEANSER,MOISTURIZER,False,True,True,False,2
P_255,P_16,CLEANSER,SUNSCREEN,False,False,False,False,0
P_255,P_725,CLEANSER,SUNSCREEN,False,False,False,False,0
P_255,P_3950,CLEANSER,SUNSCREEN,False,False,False,False,0
P_255,P_1657,CLEANSER,SUNSCREEN,False,False,False,False,0
P_255,P_1192,CLEANSER,SUNSCREEN,False,False,False,False,0
P_255,P_3066,CLEANSER,SUNSCREEN,False,True,True,False,2
P_255,P_2362,CLEANSER,SUNSCREEN,False,True,True,False,2
P_255,P_10,CLEANSER,SUNSCREEN,False,True,True,False,2
P_255,P_112,CLEANSER,TREATMENT,False,False,False,False,0
P_255,P_740,CLEANSER,TREATMENT,False,False,False,True,1
P_255,P_357,CLEANSER,TREATMENT,False,False,False,False,0
P_255,P_1617,CLEANSER,TREATMENT,False,False,False,False,0
P_255,P_2394,CLEANSER,TREATMENT,False,False,False,True,1
P_255,P_283,CLEANSER,TREATMENT,False,False,False,True,1
P_255,P_880,CLEANSER,TREATMENT,False,False,False,True,1
P_255,P_964,CLEANSER,TREATMENT,False,False,False,True,1
P_2740,P_5537,CLEANSER,CLEANSER,True,True,True,True,4
P_2740,P_1315,CLEANSER,CLEANSER,True,False,False,True,2
P_2740,P_350,CLEANSER,SERUM,False,False,False,False,0
P_2740,P_62,CLEANSER,SERUM,False,False,False,False,0
P_2740,P_1176,CLEANSER,SERUM,False,False,False,False,0
P_2740,P_761,CLEANSER,SERUM,False,False,False,False,0
P_2740,P_2263,CLEANSER,SERUM,False,False,False,False,0
P_2740,P_755,CLEANSER,SERUM,False,False,False,False,0
P_2740,P_2348,CLEANSER,SERUM,False,False,False,False,0
P_2740,P_4688,CLEANSER,SERUM,False,False,False,False,0
P_2740,P_139,CLEANSER,MOISTURIZER,False,True,True,False,2
P_2740,P_318,CLEANSER,MOISTURIZER,False,True,True,False,2
P_2740,P_469,CLEANSER,MOISTURIZER,False,False,False,False,0
P_2740,P_1240,CLEANSER,MOISTURIZER,False,False,False,False,0
P_2740,P_5974,CLEANSER,MOISTURIZER,False,True,True,False,2
P_2740,P_4457,CLEANSER,MOISTURIZER,False,True,True,False,2
P_2740,P_294,CLEANSER,MOISTURIZER,False,True,True,False,2
P_2740,P_5092,CLEANSER,MOISTURIZER,False,True,True,False,2
P_2740,P_16,CLEANSER,SUNSCREEN,False,False,False,False,0
P_2740,P_725,CLEANSER,SUNSCREEN,False,False,False,False,0
P_2740,P_3950,CLEANSER,SUNSCREEN,False,False,False,False,0
P_2740,P_1657,CLEANSER,SUNSCREEN,False,False,False,False,0
P_2740,P_1192,CLEANSER,SUNSCREEN,False,False,False,False,0
P_2740,P_3066,CLEANSER,SUNSCREEN,False,True,True,False,2
P_2740,P_2362,CLEANSER,SUNSCREEN,False,True,True,False,2
P_2740,P_10,CLEANSER,SUNSCREEN,False,True,True,False,2
P_2740,P_112,CLEANSER,TREATMENT,False,False,False,False,0
P_2740,P_740,CLEANSER,TREATMENT,False,False,False,True,1
P_2740,P_357,CLEANSER,TREATMENT,False,False,False,False,0
P_2740,P_1617,CLEANSER,TREATMENT,False,False,False,False,0
P_2740,P_2394,CLEANSER,TREATMENT,False,False,False,True,1
P_2740,P_283,CLEANSER,TREATMENT,False,False,False,True,1
P_2740,P_880,CLEANSER,TREATMENT,False,False,False,True,1
P_2740,P_964,CLEANSER,TREATMENT,False,False,False,True,1
P_5537,P_1315,CLEANSER,CLEANSER,True,False,False,True,2
P_5537,P_350,CLEANSER,SERUM,False,False,False,False,0
P_5537,P_62,CLEANSER,SERUM,False,False,False,False,0
P_5537,P_1176,CLEANSER,SERUM,False,False,False,False,0
P_5537,P_761,CLEANSER,SERUM,False,False,False,False,0
P_5537,P_2263,CLEANSER,SERUM,False,False,False,False,0
P_5537,P_755,CLEANSER,SERUM,False,False,False,False,0
P_5537,P_2348,CLEANSER,SERUM,False,False,False,False,0
P_5537,P_4688,CLEANSER,SERUM,False,False,False,False,0
P_5537,P_139,CLEANSER,MOISTURIZER,False,True,True,False,2
P_5537,P_318,CLEANSER,MOISTURIZER,False,True,True,False,2
P_5537,P_469,CLEANSER,MOISTURIZER,False,False,False,False,0
P_5537,P_1240,CLEANSER,MOISTURIZER,False,False,False,False,0
P_5537,P_5974,CLEANSER,MOISTURIZER,False,True,True,False,2
P_5537,P_4457,CLEANSER,MOISTURIZER,False,True,True,False,2
P_5537,P_294,CLEANSER,MOISTURIZER,False,True,True,False,2
P_5537,P_5092,CLEANSER,MOISTURIZER,False,True,True,False,2
P_5537,P_16,CLEANSER,SUNSCREEN,False,False,False,False,0
P_5537,P_725,CLEANSER,SUNSCREEN,False,False,False,False,0
P_5537,P_3950,CLEANSER,SUNSCREEN,False,False,False,False,0
P_5537,P_1657,CLEANSER,SUNSCREEN,False,False,False,False,0
P_5537,P_1192,CLEANSER,SUNSCREEN,False,False,False,False,0
P_5537,P_3066,CLEANSER,SUNSCREEN,False,True,True,False,2
P_5537,P_2362,CLEANSER,SUNSCREEN,False,True,True,False,2
P_5537,P_10,CLEANSER,SUNSCREEN,False,True,True,False,2
P_5537,P_112,CLEANSER,TREATMENT,False,False,False,False,0
P_5537,P_740,CLEANSER,TREATMENT,False,False,False,True,1
P_5537,P_357,CLEANSER,TREATMENT,False,False,False,False,0
P_5537,P_1617,CLEANSER,TREATMENT,False,False,False,False,0
P_5537,P_2394,CLEANSER,TREATMENT,False,False,False,True,1
P_5537,P_283,CLEANSER,TREATMENT,False,False,False,True,1
P_5537,P_880,CLEANSER,TREATMENT,False,False,False,True,1
P_5537,P_964,CLEANSER,TREATMENT,False,False,False,True,1
P_1315,P_350,CLEANSER,SERUM,False,False,False,False,0
P_1315,P_62,CLEANSER,SERUM,False,False,False,False,0
P_1315,P_1176,CLEANSER,SERUM,False,False,False,False,0
P_1315,P_761,CLEANSER,SERUM,False,False,False,False,0
P_1315,P_2263,CLEANSER,SERUM,False,False,False,False,0
P_1315,P_755,CLEANSER,SERUM,False,False,False,False,0
P_1315,P_2348,CLEANSER,SERUM,False,False,False,False,0
P_1315,P_4688,CLEANSER,SERUM,False,False,False,False,0
P_1315,P_139,CLEANSER,MOISTURIZER,False,False,False,False,0
P_1315,P_318,CLEANSER,MOISTURIZER,False,False,False,False,0
P_1315,P_469,CLEANSER,MOISTURIZER,False,False,False,False,0
P_1315,P_1240,CLEANSER,MOISTURIZER,False,False,False,False,0
P_1315,P_5974,CLEANSER,MOISTURIZER,False,False,False,False,0
P_1315,P_4457,CLEANSER,MOISTURIZER,False,False,False,False,0
P_1315,P_294,CLEANSER,MOISTURIZER,False,False,False,False,0
P_1315,P_5092,CLEANSER,MOISTURIZER,False,False,False,False,0
P_1315,P_16,CLEANSER,SUNSCREEN,False,True,True,False,2
P_1315,P_725,CLEANSER,SUNSCREEN,False,False,False,False,0
P_1315,P_3950,CLEANSER,SUNSCREEN,False,False,False,False,0
P_1315,P_1657,CLEANSER,SUNSCREEN,False,False,False,False,0
P_1315,P_1192,CLEANSER,SUNSCREEN,False,True,True,False,2
P_1315,P_3066,CLEANSER,SUNSCREEN,False,False,False,False,0
P_1315,P_2362,CLEANSER,SUNSCREEN,False,False,False,False,0
P_1315,P_10,CLEANSER,SUNSCREEN,False,False,False,False,0
P_1315,P_112,CLEANSER,TREATMENT,False,False,False,False,0
P_1315,P_740,CLEANSER,TREATMENT,False,True,True,True,3
P_1315,P_357,CLEANSER,TREATMENT,False,False,False,False,0
P_1315,P_1617,CLEANSER,TREATMENT,False,False,False,False,0
P_1315,P_2394,CLEANSER,TREATMENT,False,True,True,True,3
P_1315,P_283,CLEANSER,TREATMENT,False,True,True,True,3
P_1315,P_880,CLEANSER,TREATMENT,False,True,True,True,3
P_1315,P_964,CLEANSER,TREATMENT,False,True,True,True,3
P_350,P_62,SERUM,SERUM,True,True,True,True,4
P_350,P_1176,SERUM,SERUM,False,False,False,False,0
P_350,P_761,SERUM,SERUM,True,False,False,True,2
P_350,P_2263,SERUM,SERUM,True,True,True,True,4
P_350,P_755,SERUM,SERUM,True,True,True,True,4
P_350,P_2348,SERUM,SERUM,True,True,True,True,4
P_350,P_4688,SERUM,SERUM,True,True,True,True,4
P_350,P_139,SERUM,MOISTURIZER,False,False,False,False,0
P_350,P_318,SERUM,MOISTURIZER,False,False,False,False,0
P_350,P_469,SERUM,MOISTURIZER,False,False,False,False,0
P_350,P_1240,SERUM,MOISTURIZER,False,False,False,False,0
P_350,P_5974,SERUM,MOISTURIZER,False,False,False,False,0
P_350,P_4457,SERUM,MOISTURIZER,False,False,False,False,0
P_350,P_294,SERUM,MOISTURIZER,False,False,False,False,0
P_350,P_5092,SERUM,MOISTURIZER,False,False,False,False,0
P_350,P_16,SERUM,SUNSCREEN,False,False,False,False,0
P_350,P_725,SERUM,SUNSCREEN,False,False,False,False,0
P_350,P_3950,SERUM,SUNSCREEN,False,False,False,False,0
P_350,P_1657,SERUM,SUNSCREEN,False,False,False,False,0
P_350,P_1192,SERUM,SUNSCREEN,False,False,False,False,0
P_350,P_3066,SERUM,SUNSCREEN,False,False,False,False,0
P_350,P_2362,SERUM,SUNSCREEN,False,False,False,False,0
P_350,P_10,SERUM,SUNSCREEN,False,False,False,False,0
P_350,P_112,SERUM,TREATMENT,False,False,False,False,0
P_350,P_740,SERUM,TREATMENT,False,False,False,False,0
P_350,P_357,SERUM,TREATMENT,False,False,False,False,0
P_350,P_1617,SERUM,TREATMENT,False,False,False,False,0
P_350,P_2394,SERUM,TREATMENT,False,False,False,False,0
P_350,P_283,SERUM,TREATMENT,False,False,False,False,0
P_350,P_880,SERUM,TREATMENT,False,False,False,False,0
P_350,P_964,SERUM,TREATMENT,False,False,False,False,0
P_62,P_1176,SERUM,SERUM,False,False,False,False,0
P_62,P_761,SERUM,SERUM,True,False,False,True,2
P_62,P_2263,SERUM,SERUM,True,True,True,True,4
P_62,P_755,SERUM,SERUM,True,True,True,True,4
P_62,P_2348,SERUM,SERUM,True,True,True,True,4
P_62,P_4688,SERUM,SERUM,True,True,True,True,4
P_62,P_139,SERUM,MOISTURIZER,False,False,False,False,0
P_62,P_318,SERUM,MOISTURIZER,False,False,False,False,0
P_62,P_469,SERUM,MOISTURIZER,False,False,False,False,0
P_62,P_1240,SERUM,MOISTURIZER,False,False,False,False,0
P_62,P_5974,SERUM,MOISTURIZER,False,False,False,False,0
P_62,P_4457,SERUM,MOISTURIZER,False,False,False,False,0
P_62,P_294,SERUM,MOISTURIZER,False,False,False,False,0
P_62,P_5092,SERUM,MOISTURIZER,False,False,False,False,0
P_62,P_16,SERUM,SUNSCREEN,False,False,False,False,0
P_62,P_725,SERUM,SUNSCREEN,False,False,False,False,0
P_62,P_3950,SERUM,SUNSCREEN,False,False,False,False,0
P_62,P_1657,SERUM,SUNSCREEN,False,False,False,False,0
P_62,P_1192,SERUM,SUNSCREEN,False,False,False,False,0
P_62,P_3066,SERUM,SUNSCREEN,False,False,False,False,0
P_62,P_2362,SERUM,SUNSCREEN,False,False,False,False,0
P_62,P_10,SERUM,SUNSCREEN,False,False,False,False,0
P_62,P_112,SERUM,TREATMENT,False,False,False,False,0
P_62,P_740,SERUM,TREATMENT,False,False,False,False,0
P_62,P_357,SERUM,TREATMENT,False,False,False,False,0
P_62,P_1617,SERUM,TREATMENT,False,False,False,False,0
P_62,P_2394,SERUM,TREATMENT,False,False,False,False,0
P_62,P_283,SERUM,TREATMENT,False,False,False,False,0
P_62,P_880,SERUM,TREATMENT,False,False,False,False,0
P_62,P_964,SERUM,TREATMENT,False,False,False,False,0
P_1176,P_761,SERUM,SERUM,False,True,True,False,2
P_1176,P_2263,SERUM,SERUM,False,False,False,False,0
P_1176,P_755,SERUM,SERUM,False,False,False,False,0
P_1176,P_2348,SERUM,SERUM,False,False,False,False,0
P_1176,P_4688,SERUM,SERUM,False,False,False,False,0
P_1176,P_139,SERUM,MOISTURIZER,False,False,False,False,0
P_1176,P_318,SERUM,MOISTURIZER,False,False,False,False,0
P_1176,P_469,SERUM,MOISTURIZER,True,True,True,True,4
P_1176,P_1240,SERUM,MOISTURIZER,True,True,True,True,4
P_1176,P_5974,SERUM,MOISTURIZER,False,False,False,False,0
P_1176,P_4457,SERUM,MOISTURIZER,False,False,False,False,0
P_1176,P_294,SERUM,MOISTURIZER,False,False,False,False,0
P_1176,P_5092,SERUM,MOISTURIZER,False,False,False,False,0
P_1176,P_16,SERUM,SUNSCREEN,False,False,False,False,0
P_1176,P_725,SERUM,SUNSCREEN,True,False,True,False,2
P_1176,P_3950,SERUM,SUNSCREEN,True,False,True,True,3
P_1176,P_1657,SERUM,SUNSCREEN,True,True,True,True,4
P_1176,P_1192,SERUM,SUNSCREEN,False,False,False,False,0
P_1176,P_3066,SERUM,SUNSCREEN,False,False,False,False,0
P_1176,P_2362,SERUM,SUNSCREEN,False,False,False,False,0
P_1176,P_10,SERUM,SUNSCREEN,False,False,False,False,0
P_1176,P_112,SERUM,TREATMENT,True,False,False,True,2
P_1176,P_740,SERUM,TREATMENT,False,False,False,False,0
P_1176,P_357,SERUM,TREATMENT,True,False,False,True,2
P_1176,P_1617,SERUM,TREATMENT,True,False,False,True,2
P_1176,P_2394,SERUM,TREATMENT,False,False,False,False,0
P_1176,P_283,SERUM,TREATMENT,False,False,False,False,0
P_1176,P_880,SERUM,TREATMENT,False,False,False,False,0
P_1176,P_964,SERUM,TREATMENT,False,False,False,False,0
P_761,P_2263,SERUM,SERUM,True,False,False,True,2
P_761,P_755,SERUM,SERUM,True,False,False,True,2
P_761,P_2348,SERUM,SERUM,True,False,False,True,2
P_761,P_4688,SERUM,SERUM,True,False,False,True,2
P_761,P_139,SERUM,MOISTURIZER,False,False,False,False,0
P_761,P_318,SERUM,MOISTURIZER,False,False,False,False,0
P_761,P_469,SERUM,MOISTURIZER,False,True,True,False,2
P_761,P_1240,SERUM,MOISTURIZER,False,True,True,False,2
P_761,P_5974,SERUM,MOISTURIZER,False,False,False,False,0
P_761,P_4457,SERUM,MOISTURIZER,False,False,False,False,0
P_761,P_294,SERUM,MOISTURIZER,False,False,False,False,0
P_761,P_5092,SERUM,MOISTURIZER,False,False,False,False,0
P_761,P_16,SERUM,SUNSCREEN,False,False,False,False,0
P_761,P_725,SERUM,SUNSCREEN,False,False,True,False,1
P_761,P_3950,SERUM,SUNSCREEN,False,False,True,False,1
P_761,P_1657,SERUM,SUNSCREEN,False,True,True,False,2
P_761,P_1192,SERUM,SUNSCREEN,False,False,False,False,0
P_761,P_3066,SERUM,SUNSCREEN,False,False,False,False,0
P_761,P_2362,SERUM,SUNSCREEN,False,False,False,False,0
P_761,P_10,SERUM,SUNSCREEN,False,False,False,False,0
P_761,P_112,SERUM,TREATMENT,False,False,False,False,0
P_761,P_740,SERUM,TREATMENT,False,False,False,False,0
P_761,P_357,SERUM,TREATMENT,False,False,False,False,0
P_761,P_1617,SERUM,TREATMENT,False,False,False,False,0
P_761,P_2394,SERUM,TREATMENT,False,False,False,False,0
P_761,P_283,SERUM,TREATMENT,False,False,False,False,0
P_761,P_880,SERUM,TREATMENT,False,False,False,False,0
P_761,P_964,SERUM,TREATMENT,False,False,False,False,0
P_2263,P_755,SERUM,SERUM,True,True,True,True,4
P_2263,P_2348,SERUM,SERUM,True,True,True,True,4
P_2263,P_4688,SERUM,SERUM,True,True,True,True,4
P_2263,P_139,SERUM,MOISTURIZER,False,False,False,False,0
P_2263,P_318,SERUM,MOISTURIZER,False,False,False,False,0
P_2263,P_469,SERUM,MOISTURIZER,False,False,False,False,0
P_2263,P_1240,SERUM,MOISTURIZER,False,False,False,False,0
P_2263,P_5974,SERUM,MOISTURIZER,False,False,False,False,0
P_2263,P_4457,SERUM,MOISTURIZER,False,False,False,False,0
P_2263,P_294,SERUM,MOISTURIZER,False,False,False,False,0
P_2263,P_5092,SERUM,MOISTURIZER,False,False,False,False,0
P_2263,P_16,SERUM,SUNSCREEN,False,False,False,False,0
P_2263,P_725,SERUM,SUNSCREEN,False,False,False,False,0
P_2263,P_3950,SERUM,SUNSCREEN,False,False,False,False,0
P_2263,P_1657,SERUM,SUNSCREEN,False,False,False,False,0
P_2263,P_1192,SERUM,SUNSCREEN,False,False,False,False,0
P_2263,P_3066,SERUM,SUNSCREEN,False,False,False,False,0
P_2263,P_2362,SERUM,SUNSCREEN,False,False,False,False,0
P_2263,P_10,SERUM,SUNSCREEN,False,False,False,False,0
P_2263,P_112,SERUM,TREATMENT,False,False,False,False,0
P_2263,P_740,SERUM,TREATMENT,False,False,False,False,0
P_2263,P_357,SERUM,TREATMENT,False,False,False,False,0
P_2263,P_1617,SERUM,TREATMENT,False,False,False,False,0
P_2263,P_2394,SERUM,TREATMENT,False,False,False,False,0
P_2263,P_283,SERUM,TREATMENT,False,False,False,False,0
P_2263,P_880,SERUM,TREATMENT,False,False,False,False,0
P_2263,P_964,SERUM,TREATMENT,False,False,False,False,0
P_755,P_2348,SERUM,SERUM,True,True,True,True,4
P_755,P_4688,SERUM,SERUM,True,True,True,True,4
P_755,P_139,SERUM,MOISTURIZER,False,False,False,False,0
P_755,P_318,SERUM,MOISTURIZER,False,False,False,False,0
P_755,P_469,SERUM,MOISTURIZER,False,False,False,False,0
P_755,P_1240,SERUM,MOISTURIZER,False,False,False,False,0
P_755,P_5974,SERUM,MOISTURIZER,False,False,False,False,0
P_755,P_4457,SERUM,MOISTURIZER,False,False,False,False,0
P_755,P_294,SERUM,MOISTURIZER,False,False,False,False,0
P_755,P_5092,SERUM,MOISTURIZER,False,False,False,False,0
P_755,P_16,SERUM,SUNSCREEN,False,False,False,False,0
P_755,P_725,SERUM,SUNSCREEN,False,False,False,False,0
P_755,P_3950,SERUM,SUNSCREEN,False,False,False,False,0
P_755,P_1657,SERUM,SUNSCREEN,False,False,False,False,0
P_755,P_1192,SERUM,SUNSCREEN,False,False,False,False,0
P_755,P_3066,SERUM,SUNSCREEN,False,False,False,False,0
P_755,P_2362,SERUM,SUNSCREEN,False,False,False,False,0
P_755,P_10,SERUM,SUNSCREEN,False,False,False,False,0
P_755,P_112,SERUM,TREATMENT,False,False,False,False,0
P_755,P_740,SERUM,TREATMENT,False,False,False,False,0
P_755,P_357,SERUM,TREATMENT,False,False,False,False,0
P_755,P_1617,SERUM,TREATMENT,False,False,False,False,0
P_755,P_2394,SERUM,TREATMENT,False,False,False,False,0
P_755,P_283,SERUM,TREATMENT,False,False,False,False,0
P_755,P_880,SERUM,TREATMENT,False,False,False,False,0
P_755,P_964,SERUM,TREATMENT,False,False,False,False,0
P_2348,P_4688,SERUM,SERUM,True,True,True,True,4
P_2348,P_139,SERUM,MOISTURIZER,False,False,False,False,0
P_2348,P_318,SERUM,MOISTURIZER,False,False,False,False,0
P_2348,P_469,SERUM,MOISTURIZER,False,False,False,False,0
P_2348,P_1240,SERUM,MOISTURIZER,False,False,False,False,0
P_2348,P_5974,SERUM,MOISTURIZER,False,False,False,False,0
P_2348,P_4457,SERUM,MOISTURIZER,False,False,False,False,0
P_2348,P_294,SERUM,MOISTURIZER,False,False,False,False,0
P_2348,P_5092,SERUM,MOISTURIZER,False,False,False,False,0
P_2348,P_16,SERUM,SUNSCREEN,False,False,False,False,0
P_2348,P_725,SERUM,SUNSCREEN,False,False,False,False,0
P_2348,P_3950,SERUM,SUNSCREEN,False,False,False,False,0
P_2348,P_1657,SERUM,SUNSCREEN,False,False,False,False,0
P_2348,P_1192,SERUM,SUNSCREEN,False,False,False,False,0
P_2348,P_3066,SERUM,SUNSCREEN,False,False,False,False,0
P_2348,P_2362,SERUM,SUNSCREEN,False,False,False,False,0
P_2348,P_10,SERUM,SUNSCREEN,False,False,False,False,0
P_2348,P_112,SERUM,TREATMENT,False,False,False,False,0
P_2348,P_740,SERUM,TREATMENT,False,False,False,False,0
P_2348,P_357,SERUM,TREATMENT,False,False,False,False,0
P_2348,P_1617,SERUM,TREATMENT,False,False,False,False,0
P_2348,P_2394,SERUM,TREATMENT,False,False,False,False,0
P_2348,P_283,SERUM,TREATMENT,False,False,False,False,0
P_2348,P_880,SERUM,TREATMENT,False,False,False,False,0
P_2348,P_964,SERUM,TREATMENT,False,False,False,False,0
P_4688,P_139,SERUM,MOISTURIZER,False,False,False,False,0
P_4688,P_318,SERUM,MOISTURIZER,False,False,False,False,0
P_4688,P_469,SERUM,MOISTURIZER,False,False,False,False,0
P_4688,P_1240,SERUM,MOISTURIZER,False,False,False,False,0
P_4688,P_5974,SERUM,MOISTURIZER,False,False,False,False,0
P_4688,P_4457,SERUM,MOISTURIZER,False,False,False,False,0
P_4688,P_294,SERUM,MOISTURIZER,False,False,False,False,0
P_4688,P_5092,SERUM,MOISTURIZER,False,False,False,False,0
P_4688,P_16,SERUM,SUNSCREEN,False,False,False,False,0
P_4688,P_725,SERUM,SUNSCREEN,False,False,False,False,0
P_4688,P_3950,SERUM,SUNSCREEN,False,False,False,False,0
P_4688,P_1657,SERUM,SUNSCREEN,False,False,False,False,0
P_4688,P_1192,SERUM,SUNSCREEN,False,False,False,False,0
P_4688,P_3066,SERUM,SUNSCREEN,False,False,False,False,0
P_4688,P_2362,SERUM,SUNSCREEN,False,False,False,False,0
P_4688,P_10,SERUM,SUNSCREEN,False,False,False,False,0
P_4688,P_112,SERUM,TREATMENT,False,False,False,False,0
P_4688,P_740,SERUM,TREATMENT,False,False,False,False,0
P_4688,P_357,SERUM,TREATMENT,False,False,False,False,0
P_4688,P_1617,SERUM,TREATMENT,False,False,False,False,0
P_4688,P_2394,SERUM,TREATMENT,False,False,False,False,0
P_4688,P_283,SERUM,TREATMENT,False,False,False,False,0
P_4688,P_880,SERUM,TREATMENT,False,False,False,False,0
P_4688,P_964,SERUM,TREATMENT,False,False,False,False,0
P_139,P_318,MOISTURIZER,MOISTURIZER,True,True,True,True,4
P_139,P_469,MOISTURIZER,MOISTURIZER,False,False,False,False,0
P_139,P_1240,MOISTURIZER,MOISTURIZER,False,False,False,False,0
P_139,P_5974,MOISTURIZER,MOISTURIZER,True,True,True,True,4
P_139,P_4457,MOISTURIZER,MOISTURIZER,True,True,True,True,4
P_139,P_294,MOISTURIZER,MOISTURIZER,True,True,True,True,4
P_139,P_5092,MOISTURIZER,MOISTURIZER,True,True,True,True,4
P_139,P_16,MOISTURIZER,SUNSCREEN,False,False,False,False,0
P_139,P_725,MOISTURIZER,SUNSCREEN,False,False,False,False,0
P_139,P_3950,MOISTURIZER,SUNSCREEN,False,False,False,False,0
P_139,P_1657,MOISTURIZER,SUNSCREEN,False,False,False,False,0
P_139,P_1192,MOISTURIZER,SUNSCREEN,False,False,False,False,0
P_139,P_3066,MOISTURIZER,SUNSCREEN,False,True,True,False,2
P_139,P_2362,MOISTURIZER,SUNSCREEN,False,True,True,False,2
P_139,P_10,MOISTURIZER,SUNSCREEN,False,True,True,False,2
P_139,P_112,MOISTURIZER,TREATMENT,False,False,False,False,0
P_139,P_740,MOISTURIZER,TREATMENT,False,False,False,False,0
P_139,P_357,MOISTURIZER,TREATMENT,False,False,False,False,0
P_139,P_1617,MOISTURIZER,TREATMENT,False,False,False,False,0
P_139,P_2394,MOISTURIZER,TREATMENT,False,False,False,False,0
P_139,P_283,MOISTURIZER,TREATMENT,False,False,False,False,0
P_139,P_880,MOISTURIZER,TREATMENT,False,False,False,False,0
P_139,P_964,MOISTURIZER,TREATMENT,False,False,False,False,0
P_318,P_469,MOISTURIZER,MOISTURIZER,False,False,False,False,0
P_318,P_1240,MOISTURIZER,MOISTURIZER,False,False,False,False,0
P_318,P_5974,MOISTURIZER,MOISTURIZER,True,True,True,True,4
P_318,P_4457,MOISTURIZER,MOISTURIZER,True,True,True,True,4
P_318,P_294,MOISTURIZER,MOISTURIZER,True,True,True,True,4
P_318,P_5092,MOISTURIZER,MOISTURIZER,True,True,True,True,4
P_318,P_16,MOISTURIZER,SUNSCREEN,False,False,False,False,0
P_318,P_725,MOISTURIZER,SUNSCREEN,False,False,False,False,0
P_318,P_3950,MOISTURIZER,SUNSCREEN,False,False,False,False,0
P_318,P_1657,MOISTURIZER,SUNSCREEN,False,False,False,False,0
P_318,P_1192,MOISTURIZER,SUNSCREEN,False,False,False,False,0
P_318,P_3066,MOISTURIZER,SUNSCREEN,False,True,True,False,2
P_318,P_2362,MOISTURIZER,SUNSCREEN,False,True,True,False,2
P_318,P_10,MOISTURIZER,SUNSCREEN,False,True,True,False,2
P_318,P_112,MOISTURIZER,TREATMENT,False,False,False,False,0
P_318,P_740,MOISTURIZER,TREATMENT,False,False,False,False,0
P_318,P_357,MOISTURIZER,TREATMENT,False,False,False,False,0
P_318,P_1617,MOISTURIZER,TREATMENT,False,False,False,False,0
P_318,P_2394,MOISTURIZER,TREATMENT,False,False,False,False,0
P_318,P_283,MOISTURIZER,TREATMENT,False,False,False,False,0
P_318,P_880,MOISTURIZER,TREATMENT,False,False,False,False,0
P_318,P_964,MOISTURIZER,TREATMENT,False,False,False,False,0
P_469,P_1240,MOISTURIZER,MOISTURIZER,True,True,True,True,4
P_469,P_5974,MOISTURIZER,MOISTURIZER,False,False,False,False,0
P_469,P_4457,MOISTURIZER,MOISTURIZER,False,False,False,False,0
P_469,P_294,MOISTURIZER,MOISTURIZER,False,False,False,False,0
P_469,P_5092,MOISTURIZER,MOISTURIZER,False,False,False,False,0
P_469,P_16,MOISTURIZER,SUNSCREEN,False,False,False,False,0
P_469,P_725,MOISTURIZER,SUNSCREEN,True,False,True,False,2
P_469,P_3950,MOISTURIZER,SUNSCREEN,True,False,True,True,3
P_469,P_1657,MOISTURIZER,SUNSCREEN,True,True,True,True,4
P_469,P_1192,MOISTURIZER,SUNSCREEN,False,False,False,False,0
P_469,P_3066,MOISTURIZER,SUNSCREEN,False,False,False,False,0
P_469,P_2362,MOISTURIZER,SUNSCREEN,False,False,False,False,0
P_469,P_10,MOISTURIZER,SUNSCREEN,False,False,False,False,0
P_469,P_112,MOISTURIZER,TREATMENT,True,False,False,True,2
P_469,P_740,MOISTURIZER,TREATMENT,False,False,False,False,0
P_469,P_357,MOISTURIZER,TREATMENT,True,False,False,True,2
P_469,P_1617,MOISTURIZER,TREATMENT,True,False,False,True,2
P_469,P_2394,MOISTURIZER,TREATMENT,False,False,False,False,0
P_469,P_283,MOISTURIZER,TREATMENT,False,False,False,False,0
P_469,P_880,MOISTURIZER,TREATMENT,False,False,False,False,0
P_469,P_964,MOISTURIZER,TREATMENT,False,False,False,False,0
P_1240,P_5974,MOISTURIZER,MOISTURIZER,False,False,False,False,0
P_1240,P_4457,MOISTURIZER,MOISTURIZER,False,False,False,False,0
P_1240,P_294,MOISTURIZER,MOISTURIZER,False,False,False,False,0
P_1240,P_5092,MOISTURIZER,MOISTURIZER,False,False,False,False,0
P_1240,P_16,MOISTURIZER,SUNSCREEN,False,False,False,False,0
P_1240,P_725,MOISTURIZER,SUNSCREEN,True,False,True,False,2
P_1240,P_3950,MOISTURIZER,SUNSCREEN,True,False,True,True,3
P_1240,P_1657,MOISTURIZER,SUNSCREEN,True,True,True,True,4
P_1240,P_1192,MOISTURIZER,SUNSCREEN,False,False,False,False,0
P_1240,P_3066,MOISTURIZER,SUNSCREEN,False,False,False,False,0
P_1240,P_2362,MOISTURIZER,SUNSCREEN,False,False,False,False,0
P_1240,P_10,MOISTURIZER,SUNSCREEN,False,False,False,False,0
P_1240,P_112,MOISTURIZER,TREATMENT,True,False,False,True,2
P_1240,P_740,MOISTURIZER,TREATMENT,False,False,False,False,0
P_1240,P_357,MOISTURIZER,TREATMENT,True,False,False,True,2
P_1240,P_1617,MOISTURIZER,TREATMENT,True,False,False,True,2
P_1240,P_2394,MOISTURIZER,TREATMENT,False,False,False,False,0
P_1240,P_283,MOISTURIZER,TREATMENT,False,False,False,False,0
P_1240,P_880,MOISTURIZER,TREATMENT,False,False,False,False,0
P_1240,P_964,MOISTURIZER,TREATMENT,False,False,False,False,0
P_5974,P_4457,MOISTURIZER,MOISTURIZER,True,True,True,True,4
P_5974,P_294,MOISTURIZER,MOISTURIZER,True,True,True,True,4
P_5974,P_5092,MOISTURIZER,MOISTURIZER,True,True,True,True,4
P_5974,P_16,MOISTURIZER,SUNSCREEN,False,False,False,False,0
P_5974,P_725,MOISTURIZER,SUNSCREEN,False,False,False,False,0
P_5974,P_3950,MOISTURIZER,SUNSCREEN,False,False,False,False,0
P_5974,P_1657,MOISTURIZER,SUNSCREEN,False,False,False,False,0
P_5974,P_1192,MOISTURIZER,SUNSCREEN,False,False,False,False,0
P_5974,P_3066,MOISTURIZER,SUNSCREEN,False,True,True,False,2
P_5974,P_2362,MOISTURIZER,SUNSCREEN,False,True,True,False,2
P_5974,P_10,MOISTURIZER,SUNSCREEN,False,True,True,False,2
P_5974,P_112,MOISTURIZER,TREATMENT,False,False,False,False,0
P_5974,P_740,MOISTURIZER,TREATMENT,False,False,False,False,0
P_5974,P_357,MOISTURIZER,TREATMENT,False,False,False,False,0
P_5974,P_1617,MOISTURIZER,TREATMENT,False,False,False,False,0
P_5974,P_2394,MOISTURIZER,TREATMENT,False,False,False,False,0
P_5974,P_283,MOISTURIZER,TREATMENT,False,False,False,False,0
P_5974,P_880,MOISTURIZER,TREATMENT,False,False,False,False,0
P_5974,P_964,MOISTURIZER,TREATMENT,False,False,False,False,0
P_4457,P_294,MOISTURIZER,MOISTURIZER,True,True,True,True,4
P_4457,P_5092,MOISTURIZER,MOISTURIZER,True,True,True,True,4
P_4457,P_16,MOISTURIZER,SUNSCREEN,False,False,False,False,0
P_4457,P_725,MOISTURIZER,SUNSCREEN,False,False,False,False,0
P_4457,P_3950,MOISTURIZER,SUNSCREEN,False,False,False,False,0
P_4457,P_1657,MOISTURIZER,SUNSCREEN,False,False,False,False,0
P_4457,P_1192,MOISTURIZER,SUNSCREEN,False,False,False,False,0
P_4457,P_3066,MOISTURIZER,SUNSCREEN,False,True,True,False,2
P_4457,P_2362,MOISTURIZER,SUNSCREEN,False,True,True,False,2
P_4457,P_10,MOISTURIZER,SUNSCREEN,False,True,True,False,2
P_4457,P_112,MOISTURIZER,TREATMENT,False,False,False,False,0
P_4457,P_740,MOISTURIZER,TREATMENT,False,False,False,False,0
P_4457,P_357,MOISTURIZER,TREATMENT,False,False,False,False,0
P_4457,P_1617,MOISTURIZER,TREATMENT,False,False,False,False,0
P_4457,P_2394,MOISTURIZER,TREATMENT,False,False,False,False,0
P_4457,P_283,MOISTURIZER,TREATMENT,False,False,False,False,0
P_4457,P_880,MOISTURIZER,TREATMENT,False,False,False,False,0
P_4457,P_964,MOISTURIZER,TREATMENT,False,False,False,False,0
P_294,P_5092,MOISTURIZER,MOISTURIZER,True,True,True,True,4
P_294,P_16,MOISTURIZER,SUNSCREEN,False,False,False,False,0
P_294,P_725,MOISTURIZER,SUNSCREEN,False,False,False,False,0
P_294,P_3950,MOISTURIZER,SUNSCREEN,False,False,False,False,0
P_294,P_1657,MOISTURIZER,SUNSCREEN,False,False,False,False,0
P_294,P_1192,MOISTURIZER,SUNSCREEN,False,False,False,False,0
P_294,P_3066,MOISTURIZER,SUNSCREEN,False,True,True,False,2
P_294,P_2362,MOISTURIZER,SUNSCREEN,False,True,True,False,2
P_294,P_10,MOISTURIZER,SUNSCREEN,False,True,True,False,2
P_294,P_112,MOISTURIZER,TREATMENT,False,False,False,False,0
P_294,P_740,MOISTURIZER,TREATMENT,False,False,False,False,0
P_294,P_357,MOISTURIZER,TREATMENT,False,False,False,False,0
P_294,P_1617,MOISTURIZER,TREATMENT,False,False,False,False,0
P_294,P_2394,MOISTURIZER,TREATMENT,False,False,False,False,0
P_294,P_283,MOISTURIZER,TREATMENT,False,False,False,False,0
P_294,P_880,MOISTURIZER,TREATMENT,False,False,False,False,0
P_294,P_964,MOISTURIZER,TREATMENT,False,False,False,False,0
P_5092,P_16,MOISTURIZER,SUNSCREEN,False,False,False,False,0
P_5092,P_725,MOISTURIZER,SUNSCREEN,False,False,False,False,0
P_5092,P_3950,MOISTURIZER,SUNSCREEN,False,False,False,False,0
P_5092,P_1657,MOISTURIZER,SUNSCREEN,False,False,False,False,0
P_5092,P_1192,MOISTURIZER,SUNSCREEN,False,False,False,False,0
P_5092,P_3066,MOISTURIZER,SUNSCREEN,False,True,True,False,2
P_5092,P_2362,MOISTURIZER,SUNSCREEN,False,True,True,False,2
P_5092,P_10,MOISTURIZER,SUNSCREEN,False,True,True,False,2
P_5092,P_112,MOISTURIZER,TREATMENT,False,False,False,False,0
P_5092,P_740,MOISTURIZER,TREATMENT,False,False,False,False,0
P_5092,P_357,MOISTURIZER,TREATMENT,False,False,False,False,0
P_5092,P_1617,MOISTURIZER,TREATMENT,False,False,False,False,0
P_5092,P_2394,MOISTURIZER,TREATMENT,False,False,False,False,0
P_5092,P_283,MOISTURIZER,TREATMENT,False,False,False,False,0
P_5092,P_880,MOISTURIZER,TREATMENT,False,False,False,False,0
P_5092,P_964,MOISTURIZER,TREATMENT,False,False,False,False,0
P_16,P_725,SUNSCREEN,SUNSCREEN,False,False,False,True,1
P_16,P_3950,SUNSCREEN,SUNSCREEN,False,False,False,False,0
P_16,P_1657,SUNSCREEN,SUNSCREEN,False,False,False,False,0
P_16,P_1192,SUNSCREEN,SUNSCREEN,True,True,True,True,4
P_16,P_3066,SUNSCREEN,SUNSCREEN,True,False,False,True,2
P_16,P_2362,SUNSCREEN,SUNSCREEN,True,False,False,True,2
P_16,P_10,SUNSCREEN,SUNSCREEN,True,False,False,True,2
P_16,P_112,SUNSCREEN,TREATMENT,False,False,False,False,0
P_16,P_740,SUNSCREEN,TREATMENT,False,True,True,False,2
P_16,P_357,SUNSCREEN,TREATMENT,False,False,False,False,0
P_16,P_1617,SUNSCREEN,TREATMENT,False,False,False,False,0
P_16,P_2394,SUNSCREEN,TREATMENT,False,True,True,False,2
P_16,P_283,SUNSCREEN,TREATMENT,False,True,True,False,2
P_16,P_880,SUNSCREEN,TREATMENT,False,True,True,False,2
P_16,P_964,SUNSCREEN,TREATMENT,False,True,True,False,2
P_725,P_3950,SUNSCREEN,SUNSCREEN,True,True,True,False,3
P_725,P_1657,SUNSCREEN,SUNSCREEN,True,False,True,False,2
P_725,P_1192,SUNSCREEN,SUNSCREEN,False,False,False,True,1
P_725,P_3066,SUNSCREEN,SUNSCREEN,False,False,False,True,1
P_725,P_2362,SUNSCREEN,SUNSCREEN,False,False,False,True,1
P_725,P_10,SUNSCREEN,SUNSCREEN,False,False,False,True,1
P_725,P_112,SUNSCREEN,TREATMENT,True,True,False,False,2
P_725,P_740,SUNSCREEN,TREATMENT,False,False,False,False,0
P_725,P_357,SUNSCREEN,TREATMENT,True,True,False,False,2
P_725,P_1617,SUNSCREEN,TREATMENT,True,True,False,False,2
P_725,P_2394,SUNSCREEN,TREATMENT,False,False,False,False,0
P_725,P_283,SUNSCREEN,TREATMENT,False,False,False,False,0
P_725,P_880,SUNSCREEN,TREATMENT,False,False,False,False,0
P_725,P_964,SUNSCREEN,TREATMENT,False,False,False,False,0
P_3950,P_1657,SUNSCREEN,SUNSCREEN,True,False,True,True,3
P_3950,P_1192,SUNSCREEN,SUNSCREEN,False,False,False,False,0
P_3950,P_3066,SUNSCREEN,SUNSCREEN,False,False,False,False,0
P_3950,P_2362,SUNSCREEN,SUNSCREEN,False,False,False,False,0
P_3950,P_10,SUNSCREEN,SUNSCREEN,False,False,False,False,0
P_3950,P_112,SUNSCREEN,TREATMENT,True,True,False,True,3
P_3950,P_740,SUNSCREEN,TREATMENT,False,False,False,False,0
P_3950,P_357,SUNSCREEN,TREATMENT,True,True,False,True,3
P_3950,P_1617,SUNSCREEN,TREATMENT,True,True,False,True,3
P_3950,P_2394,SUNSCREEN,TREATMENT,False,False,False,False,0
P_3950,P_283,SUNSCREEN,TREATMENT,False,False,False,False,0
P_3950,P_880,SUNSCREEN,TREATMENT,False,False,False,False,0
P_3950,P_964,SUNSCREEN,TREATMENT,False,False,False,False,0
P_1657,P_1192,SUNSCREEN,SUNSCREEN,False,False,False,False,0
P_1657,P_3066,SUNSCREEN,SUNSCREEN,False,False,False,False,0
P_1657,P_2362,SUNSCREEN,SUNSCREEN,False,False,False,False,0
P_1657,P_10,SUNSCREEN,SUNSCREEN,False,False,False,False,0
P_1657,P_112,SUNSCREEN,TREATMENT,True,False,False,True,2
P_1657,P_740,SUNSCREEN,TREATMENT,False,False,False,False,0
P_1657,P_357,SUNSCREEN,TREATMENT,True,False,False,True,2
P_1657,P_1617,SUNSCREEN,TREATMENT,True,False,False,True,2
P_1657,P_2394,SUNSCREEN,TREATMENT,False,False,False,False,0
P_1657,P_283,SUNSCREEN,TREATMENT,False,False,False,False,0
P_1657,P_880,SUNSCREEN,TREATMENT,False,False,False,False,0
P_1657,P_964,SUNSCREEN,TREATMENT,False,False,False,False,0
P_1192,P_3066,SUNSCREEN,SUNSCREEN,True,False,False,True,2
P_1192,P_2362,SUNSCREEN,SUNSCREEN,True,False,False,True,2
P_1192,P_10,SUNSCREEN,SUNSCREEN,True,False,False,True,2
P_1192,P_112,SUNSCREEN,TREATMENT,False,False,False,False,0
P_1192,P_740,SUNSCREEN,TREATMENT,False,True,True,False,2
P_1192,P_357,SUNSCREEN,TREATMENT,False,False,False,False,0
P_1192,P_1617,SUNSCREEN,TREATMENT,False,False,False,False,0
P_1192,P_2394,SUNSCREEN,TREATMENT,False,True,True,False,2
P_1192,P_283,SUNSCREEN,TREATMENT,False,True,True,False,2
P_1192,P_880,SUNSCREEN,TREATMENT,False,True,True,False,2
P_1192,P_964,SUNSCREEN,TREATMENT,False,True,True,False,2
P_3066,P_2362,SUNSCREEN,SUNSCREEN,True,True,True,True,4
P_3066,P_10,SUNSCREEN,SUNSCREEN,True,True,True,True,4
P_3066,P_112,SUNSCREEN,TREATMENT,False,False,False,False,0
P_3066,P_740,SUNSCREEN,TREATMENT,False,False,False,False,0
P_3066,P_357,SUNSCREEN,TREATMENT,False,False,False,False,0
P_3066,P_1617,SUNSCREEN,TREATMENT,False,False,False,False,0
P_3066,P_2394,SUNSCREEN,TREATMENT,False,False,False,False,0
P_3066,P_283,SUNSCREEN,TREATMENT,False,False,False,False,0
P_3066,P_880,SUNSCREEN,TREATMENT,False,False,False,False,0
P_3066,P_964,SUNSCREEN,TREATMENT,False,False,False,False,0
P_2362,P_10,SUNSCREEN,SUNSCREEN,True,True,True,True,4
P_2362,P_112,SUNSCREEN,TREATMENT,False,False,False,False,0
P_2362,P_740,SUNSCREEN,TREATMENT,False,False,False,False,0
P_2362,P_357,SUNSCREEN,TREATMENT,False,False,False,False,0
P_2362,P_1617,SUNSCREEN,TREATMENT,False,False,False,False,0
P_2362,P_2394,SUNSCREEN,TREATMENT,False,False,False,False,0
P_2362,P_283,SUNSCREEN,TREATMENT,False,False,False,False,0
P_2362,P_880,SUNSCREEN,TREATMENT,False,False,False,False,0
P_2362,P_964,SUNSCREEN,TREATMENT,False,False,False,False,0
P_10,P_112,SUNSCREEN,TREATMENT,False,False,False,False,0
P_10,P_740,SUNSCREEN,TREATMENT,False,False,False,False,0
P_10,P_357,SUNSCREEN,TREATMENT,False,False,False,False,0
P_10,P_1617,SUNSCREEN,TREATMENT,False,False,False,False,0
P_10,P_2394,SUNSCREEN,TREATMENT,False,False,False,False,0
P_10,P_283,SUNSCREEN,TREATMENT,False,False,False,False,0
P_10,P_880,SUNSCREEN,TREATMENT,False,False,False,False,0
P_10,P_964,SUNSCREEN,TREATMENT,False,False,False,False,0
P_112,P_740,TREATMENT,TREATMENT,False,False,False,False,0
P_112,P_357,TREATMENT,TREATMENT,True,True,True,True,4
P_112,P_1617,TREATMENT,TREATMENT,True,True,True,True,4
P_112,P_2394,TREATMENT,TREATMENT,False,False,False,False,0
P_112,P_283,TREATMENT,TREATMENT,False,False,False,False,0
P_112,P_880,TREATMENT,TREATMENT,False,False,False,False,0
P_112,P_964,TREATMENT,TREATMENT,False,False,False,False,0
P_740,P_357,TREATMENT,TREATMENT,False,False,False,False,0
P_740,P_1617,TREATMENT,TREATMENT,False,False,False,False,0
P_740,P_2394,TREATMENT,TREATMENT,True,True,True,True,4
P_740,P_283,TREATMENT,TREATMENT,True,True,True,True,4
P_740,P_880,TREATMENT,TREATMENT,True,True,True,True,4
P_740,P_964,TREATMENT,TREATMENT,True,True,True,True,4
P_357,P_1617,TREATMENT,TREATMENT,True,True,True,True,4
P_357,P_2394,TREATMENT,TREATMENT,False,False,False,False,0
P_357,P_283,TREATMENT,TREATMENT,False,False,False,False,0
P_357,P_880,TREATMENT,TREATMENT,False,False,False,False,0
P_357,P_964,TREATMENT,TREATMENT,False,False,False,False,0
P_1617,P_2394,TREATMENT,TREATMENT,False,False,False,False,0
P_1617,P_283,TREATMENT,TREATMENT,False,False,False,False,0
P_1617,P_880,TREATMENT,TREATMENT,False,False,False,False,0
P_1617,P_964,TREATMENT,TREATMENT,False,False,False,False,0
P_2394,P_283,TREATMENT,TREATMENT,True,True,True,True,4
P_2394,P_880,TREATMENT,TREATMENT,True,True,True,True,4
P_2394,P_964,TREATMENT,TREATMENT,True,True,True,True,4
P_283,P_880,TREATMENT,TREATMENT,True,True,True,True,4
P_283,P_964,TREATMENT,TREATMENT,True,True,True,True,4
P_880,P_964,TREATMENT,TREATMENT,True,True,True,True,4
