Stage,K,N,Best_WCSS,WCSS_per_Product,Mean_Silhouette,Median_Silhouette,Negative_Silhouette_Count,Negative_Silhouette_Pct,Smallest_Cluster_Size,Smallest_Cluster_Pct,Largest_Cluster_Size,Largest_Cluster_Pct,Mean_WCSS_20Runs,Std_WCSS_20Runs
S40_GLOBAL,4,40,41.2909,1.0323,0.2426,0.2398,0,0.0,7,17.5,12,30.0,44.6041,4.1216
S40_GLOBAL,5,40,35.7671,0.8942,0.2759,0.2923,0,0.0,5,12.5,12,30.0,39.2129,2.9165
S40_GLOBAL,6,40,29.9663,0.7492,0.3194,0.2921,1,2.5,5,12.5,11,27.5,35.1338,2.8747
S40_GLOBAL,7,40,25.6039,0.6401,0.3144,0.3215,2,5.0,5,12.5,7,17.5,31.003,2.6689
S40_GLOBAL,8,40,23.4596,0.5865,0.3179,0.322,2,5.0,3,7.5,6,15.0,28.2864,2.7132
M80,4,80,103.1053,1.2888,0.2254,0.2183,0,0.0,6,7.5,34,42.5,110.83,4.5436
M80,5,80,93.2272,1.1653,0.2068,0.2148,0,0.0,6,7.5,32,40.0,99.9525,4.7061
M80,6,80,83.8565,1.0482,0.225,0.1981,2,2.5,6,7.5,22,27.5,91.1847,4.5102
M80,7,80,74.3148,0.9289,0.2688,0.267,4,5.0,6,7.5,17,21.25,83.0325,4.3255
M80,8,80,67.9226,0.849,0.2889,0.2773,6,7.5,5,6.25,20,25.0,75.6195,4.0599
L200,4,200,251.2927,1.2565,0.2332,0.205,3,1.5,23,11.5,83,41.5,260.5181,7.2855
L200,5,200,223.5192,1.1176,0.2313,0.2002,2,1.0,23,11.5,78,39.0,233.824,6.6594
L200,6,200,199.4688,0.9973,0.2599,0.2207,5,2.5,18,9.0,57,28.5,210.5287,9.6698
L200,7,200,175.3822,0.8769,0.3306,0.3394,10,5.0,18,9.0,43,21.5,188.36,9.5892
L200,8,200,150.7128,0.7536,0.3473,0.3443,8,4.0,18,9.0,30,15.0,168.2347,11.663
FULL,4,1004,1121.5719,1.1171,0.291,0.2889,16,1.59,190,18.92,310,30.88,1173.6307,30.8092
FULL,5,1004,963.9099,0.9601,0.3233,0.3504,35,3.49,189,18.82,228,22.71,1044.8059,56.8658
FULL,6,1004,865.8819,0.8624,0.3228,0.3543,57,5.68,93,9.26,213,21.22,939.7876,54.546
FULL,7,1004,792.6433,0.7895,0.3231,0.3391,40,3.98,76,7.57,181,18.03,837.8175,44.666
FULL,8,1004,721.6021,0.7187,0.3402,0.3618,36,3.59,41,4.08,167,16.63,770.6237,46.9892
