Antecedent,Consequent,Apriori_Support,FPGrowth_Support,Diff_Support,Apriori_Confidence,FPGrowth_Confidence,Diff_Confidence,Apriori_Lift,FPGrowth_Lift,Diff_Lift,Match
CLEANSER,MAKEUP_REMOVAL,0.2333,0.2333,0.0,0.4118,0.4118,0.0,1.5441,1.5441,0.0,YES
CLEANSER,MOISTURIZER,0.1667,0.1667,0.0,0.2941,0.2941,0.0,0.8021,0.8021,0.0,YES
CLEANSER,TONER,0.2,0.2,0.0,0.3529,0.3529,0.0,1.3235,1.3235,0.0,YES
CLEANSER,TREATMENT,0.1333,0.1333,0.0,0.2353,0.2353,0.0,1.1765,1.1765,0.0,YES
MAKEUP_REMOVAL,CLEANSER,0.2333,0.2333,0.0,0.875,0.875,0.0,1.5441,1.5441,0.0,YES
MASK,CLEANSER,0.1,0.1,0.0,0.6,0.6,0.0,1.0588,1.0588,0.0,YES
MOISTURIZER,CLEANSER,0.1667,0.1667,0.0,0.4545,0.4545,0.0,0.8021,0.8021,0.0,YES
MOISTURIZER,SERUM,0.1667,0.1667,0.0,0.4545,0.4545,0.0,1.9481,1.9481,0.0,YES
MOISTURIZER,SUNSCREEN,0.1667,0.1667,0.0,0.4545,0.4545,0.0,1.7045,1.7045,0.0,YES
SERUM,MOISTURIZER,0.1667,0.1667,0.0,0.7143,0.7143,0.0,1.9481,1.9481,0.0,YES
SUNSCREEN,MOISTURIZER,0.1667,0.1667,0.0,0.625,0.625,0.0,1.7045,1.7045,0.0,YES
TONER,CLEANSER,0.2,0.2,0.0,0.75,0.75,0.0,1.3235,1.3235,0.0,YES
TREATMENT,CLEANSER,0.1333,0.1333,0.0,0.6667,0.6667,0.0,1.1765,1.1765,0.0,YES
