Basket_ID,MAKEUP_REMOVAL,CLEANSER,TONER,SERUM,TREATMENT,MOISTURIZER,SUNSCREEN,MASK
B001,0,0,0,0,0,0,1,0
B002,0,0,0,0,1,0,0,0
B003,0,0,0,0,0,0,0,1
B004,0,1,0,0,0,0,0,0
B005,1,0,0,0,0,0,0,0
B006,0,0,0,1,0,0,0,0
B007,1,1,0,0,0,0,0,0
B008,1,1,0,0,0,0,0,0
B009,1,1,0,0,0,0,0,0
B010,0,1,1,0,0,0,0,0
B011,0,1,1,0,0,0,0,0
B012,0,1,0,0,1,0,0,0
B013,0,1,0,0,1,0,0,0
B014,0,0,0,1,0,1,0,0
B015,0,0,0,1,0,1,0,0
B016,0,0,0,0,0,1,1,0
B017,0,0,0,0,0,1,1,0
B018,0,0,1,0,0,0,0,1
B019,1,1,1,0,0,0,0,0
B020,0,1,0,0,0,1,0,1
B021,0,1,0,0,0,0,1,1
B022,0,1,0,0,1,1,0,0
B023,0,0,0,1,0,1,1,0
B024,0,0,0,1,0,1,1,0
B025,0,1,1,1,0,0,0,0
B026,0,0,1,0,1,0,1,0
B027,1,1,0,1,0,1,0,0
B028,1,1,0,0,1,1,0,0
B029,0,1,1,0,0,1,1,0
B030,1,1,1,0,0,0,0,1
