,P_4365,P_21,P_2654,P_2939,P_255,P_2740,P_5537,P_1315,P_350,P_62,P_1176,P_761,P_2263,P_755,P_2348,P_4688,P_139,P_318,P_469,P_1240,P_5974,P_4457,P_294,P_5092,P_16,P_725,P_3950,P_1657,P_1192,P_3066,P_2362,P_10,P_112,P_740,P_357,P_1617,P_2394,P_283,P_880,P_964
P_4365,1.0,0.1833,0.4262,0.791,0.197,0.2576,0.2059,0.1452,0.0154,0.0,0.4833,0.1094,0.0156,0.0339,0.0,0.0,0.0,0.0328,0.2881,0.3226,0.0154,0.0152,0.0,0.0,0.0,0.7258,0.7059,0.5538,0.1017,0.0526,0.0,0.0154,0.7846,0.0156,0.7424,0.7143,0.0625,0.0303,0.0,0.0
P_21,0.1833,1.0,0.0,0.0,0.6935,0.5303,0.7761,0.8475,0.1475,0.0159,0.0,0.0,0.0317,0.0345,0.0377,0.1803,0.25,0.0169,0.0,0.0,0.0,0.0615,0.2206,0.0656,0.2623,0.0,0.0,0.0,0.1552,0.0877,0.1034,0.0984,0.0,0.5,0.0,0.0,0.4107,0.3548,0.3448,0.3396
P_2654,0.4262,0.0,1.0,0.7143,0.0,0.0,0.0,0.0,0.0,0.0,0.8393,0.1935,0.0,0.0,0.0,0.0,0.0,0.05,0.9649,0.9333,0.0,0.0,0.0,0.0,0.0,0.5333,0.5469,0.6557,0.0,0.0,0.0,0.0,0.5667,0.0,0.6129,0.5667,0.0,0.0,0.0,0.0
P_2939,0.791,0.0,0.7143,1.0,0.0,0.0,0.0,0.0,0.0,0.0,0.6769,0.1212,0.0,0.0161,0.0,0.0,0.0,0.0,0.541,0.5692,0.0,0.0,0.0,0.0,0.0,0.8333,0.8971,0.7742,0.0323,0.0161,0.0,0.0,0.9375,0.0,0.9714,0.9385,0.0,0.0,0.0,0.0
P_255,0.197,0.6935,0.0,0.0,1.0,0.8696,0.9412,0.5,0.3043,0.1449,0.0,0.0923,0.197,0.1905,0.1774,0.0769,0.5385,0.2576,0.0,0.0,0.2353,0.2879,0.5479,0.303,0.0,0.0,0.0,0.0,0.0161,0.0984,0.1045,0.0746,0.0,0.1538,0.0,0.0,0.0781,0.0294,0.0159,0.0339
P_2740,0.2576,0.5303,0.0,0.0,0.8696,1.0,0.7857,0.4355,0.2836,0.2535,0.0154,0.2239,0.3099,0.3077,0.2424,0.125,0.3284,0.2615,0.0,0.0,0.2388,0.3429,0.36,0.2687,0.0299,0.0149,0.0,0.0,0.0781,0.2031,0.1364,0.1304,0.0,0.0714,0.0,0.0,0.0758,0.0278,0.0159,0.0159
P_5537,0.2059,0.7761,0.0,0.0,0.9412,0.7857,1.0,0.5625,0.2029,0.0833,0.0,0.0149,0.087,0.0952,0.1061,0.0606,0.5303,0.1846,0.0,0.0,0.1912,0.2639,0.52,0.3429,0.058,0.0,0.0,0.0,0.0152,0.0781,0.0882,0.0857,0.0,0.1857,0.0,0.0,0.1077,0.0571,0.0597,0.0781
P_1315,0.1452,0.8475,0.0,0.0,0.5,0.4355,0.5625,1.0,0.0984,0.0,0.0,0.0,0.0328,0.0175,0.0339,0.3,0.0847,0.0,0.0,0.0,0.0,0.0,0.1029,0.0,0.377,0.0,0.0,0.0,0.3091,0.1607,0.2034,0.2344,0.0,0.4918,0.0,0.0,0.5536,0.5,0.5254,0.4706
P_350,0.0154,0.1475,0.0,0.0,0.3043,0.2836,0.2029,0.0984,1.0,0.9242,0.0,0.6094,0.9265,0.8814,0.9394,0.5909,0.2154,0.125,0.0,0.0,0.1515,0.1618,0.1781,0.1618,0.0312,0.0,0.0,0.0,0.0312,0.1452,0.2239,0.209,0.0,0.0597,0.0,0.0,0.0,0.029,0.0,0.0172
P_62,0.0,0.0159,0.0,0.0,0.1449,0.2535,0.0833,0.0,0.9242,1.0,0.0,0.7015,0.9851,0.9677,0.9683,0.6308,0.1562,0.1935,0.0,0.0,0.25,0.2899,0.1216,0.2647,0.0308,0.0,0.0,0.0,0.0484,0.1774,0.2424,0.2388,0.0,0.0,0.0,0.0,0.0,0.0,0.0,0.0161
P_1176,0.4833,0.0,0.8393,0.6769,0.0,0.0154,0.0,0.0,0.0,0.0,1.0,0.4098,0.0469,0.0702,0.0,0.0,0.0,0.0167,0.8,0.8485,0.0159,0.0154,0.0,0.0,0.0,0.5893,0.6094,0.7544,0.0169,0.0179,0.0,0.0,0.619,0.0,0.625,0.6129,0.0,0.0,0.0,0.0
P_761,0.1094,0.0,0.1935,0.1212,0.0923,0.2239,0.0149,0.0,0.6094,0.7015,0.4098,1.0,0.75,0.7581,0.6066,0.3692,0.0317,0.0984,0.2623,0.3125,0.1493,0.1449,0.0423,0.1045,0.0,0.127,0.1406,0.2308,0.0169,0.0806,0.0794,0.0758,0.1791,0.0,0.1231,0.1587,0.0,0.0,0.0,0.0
P_2263,0.0156,0.0317,0.0,0.0,0.197,0.3099,0.087,0.0328,0.9265,0.9851,0.0469,0.75,1.0,1.0,0.9688,0.6308,0.1231,0.1613,0.0159,0.0156,0.2154,0.2464,0.1447,0.2059,0.0448,0.0,0.0,0.0,0.0469,0.1692,0.2,0.1912,0.0,0.0149,0.0,0.0,0.0,0.0143,0.0,0.0167
P_755,0.0339,0.0345,0.0,0.0161,0.1905,0.3077,0.0952,0.0175,0.8814,0.9677,0.0702,0.7581,1.0,1.0,0.9455,0.5593,0.1452,0.1579,0.0172,0.0172,0.2258,0.2769,0.1515,0.2131,0.0339,0.0167,0.0159,0.0,0.0727,0.2143,0.2656,0.2581,0.0167,0.0159,0.0161,0.0,0.0,0.0156,0.0,0.0
P_2348,0.0,0.0377,0.0,0.0,0.1774,0.2424,0.1061,0.0339,0.9394,0.9683,0.0,0.6066,0.9688,0.9455,1.0,0.6833,0.1452,0.1,0.0,0.0,0.1311,0.1639,0.1029,0.1746,0.0806,0.0,0.0,0.0,0.0714,0.2281,0.3175,0.3231,0.0,0.0164,0.0,0.0,0.0,0.0299,0.0167,0.0526
P_4688,0.0,0.1803,0.0,0.0,0.0769,0.125,0.0606,0.3,0.5909,0.6308,0.0,0.3692,0.6308,0.5593,0.6833,1.0,0.0635,0.0172,0.0,0.0,0.0769,0.0769,0.0704,0.0769,0.3871,0.0,0.0,0.0,0.3,0.2,0.3651,0.381,0.0,0.3281,0.0,0.0,0.3125,0.3676,0.377,0.3929
P_139,0.0,0.25,0.0,0.0,0.5385,0.3284,0.5303,0.0847,0.2154,0.1562,0.0,0.0317,0.1231,0.1452,0.1452,0.0635,1.0,0.7031,0.0,0.0,0.7619,0.7846,1.0,0.8406,0.0469,0.0,0.0,0.0,0.0351,0.1803,0.197,0.1667,0.0,0.0746,0.0,0.0,0.0,0.0,0.0,0.0
P_318,0.0328,0.0169,0.05,0.0,0.2576,0.2615,0.1846,0.0,0.125,0.1935,0.0167,0.0984,0.1613,0.1579,0.1,0.0172,0.7031,1.0,0.1296,0.0862,0.9516,0.9206,0.6714,0.875,0.0161,0.0,0.0,0.0,0.0167,0.1379,0.129,0.1385,0.0,0.0,0.0,0.0,0.0,0.0,0.0,0.0
P_469,0.2881,0.0,0.9649,0.541,0.0,0.0,0.0,0.0,0.0,0.0,0.8,0.2623,0.0159,0.0172,0.0,0.0,0.0,0.1296,1.0,0.9825,0.0169,0.0323,0.0,0.0159,0.0,0.4068,0.4098,0.6271,0.0,0.0,0.0,0.0,0.3898,0.0,0.4839,0.459,0.0,0.0,0.0,0.0
P_1240,0.3226,0.0,0.9333,0.5692,0.0,0.0,0.0,0.0,0.0,0.0,0.8485,0.3125,0.0156,0.0172,0.0,0.0,0.0,0.0862,0.9825,1.0,0.0156,0.0156,0.0,0.0,0.0,0.4576,0.4848,0.678,0.0,0.0,0.0,0.0,0.5156,0.0,0.5303,0.5556,0.0,0.0,0.0,0.0
P_5974,0.0154,0.0,0.0,0.0,0.2353,0.2388,0.1912,0.0,0.1515,0.25,0.0159,0.1493,0.2154,0.2258,0.1311,0.0769,0.7619,0.9516,0.0169,0.0156,1.0,1.0,0.7639,0.9692,0.0469,0.0,0.0,0.0,0.0317,0.2414,0.2462,0.2121,0.0,0.0149,0.0,0.0,0.0167,0.0149,0.0161,0.0
P_4457,0.0152,0.0615,0.0,0.0,0.2879,0.3429,0.2639,0.0,0.1618,0.2899,0.0154,0.1449,0.2464,0.2769,0.1639,0.0769,0.7846,0.9206,0.0323,0.0156,1.0,1.0,0.7838,0.9565,0.0476,0.0,0.0,0.0,0.0476,0.2462,0.25,0.2239,0.0,0.0149,0.0,0.0,0.0,0.0,0.0,0.0
P_294,0.0,0.2206,0.0,0.0,0.5479,0.36,0.52,0.1029,0.1781,0.1216,0.0,0.0423,0.1447,0.1515,0.1029,0.0704,1.0,0.6714,0.0,0.0,0.7639,0.7838,1.0,0.8082,0.0423,0.0,0.0,0.0,0.0145,0.1818,0.2143,0.1711,0.0,0.0694,0.0,0.0,0.0139,0.0,0.0,0.0159
P_5092,0.0,0.0656,0.0,0.0,0.303,0.2687,0.3429,0.0,0.1618,0.2647,0.0,0.1045,0.2059,0.2131,0.1746,0.0769,0.8406,0.875,0.0159,0.0,0.9692,0.9565,0.8082,1.0,0.0597,0.0,0.0,0.0,0.0317,0.2063,0.2388,0.2353,0.0,0.0294,0.0,0.0,0.0154,0.0141,0.0147,0.0
P_16,0.0,0.2623,0.0,0.0,0.0,0.0299,0.058,0.377,0.0312,0.0308,0.0,0.0,0.0448,0.0339,0.0806,0.3871,0.0469,0.0161,0.0,0.0,0.0469,0.0476,0.0423,0.0597,1.0,0.0161,0.0,0.0,0.8644,0.6833,0.6912,0.6769,0.0,0.4844,0.0,0.0,0.5484,0.5507,0.6129,0.5345
P_725,0.7258,0.0,0.5333,0.8333,0.0,0.0149,0.0,0.0,0.0,0.0,0.5893,0.127,0.0,0.0167,0.0,0.0,0.0,0.0,0.4068,0.4576,0.0,0.0,0.0,0.0,0.0161,1.0,0.9524,0.871,0.1667,0.1129,0.0476,0.0159,0.9048,0.0,0.8667,0.9032,0.0169,0.0152,0.0,0.0
P_3950,0.7059,0.0,0.5469,0.8971,0.0,0.0,0.0,0.0,0.0,0.0,0.6094,0.1406,0.0,0.0159,0.0,0.0,0.0,0.0,0.4098,0.4848,0.0,0.0,0.0,0.0,0.0,0.9524,1.0,0.8333,0.0968,0.0476,0.0,0.0,0.9559,0.0,0.9412,0.9552,0.0,0.0,0.0,0.0
P_1657,0.5538,0.0,0.6557,0.7742,0.0,0.0,0.0,0.0,0.0,0.0,0.7544,0.2308,0.0,0.0,0.0,0.0,0.0,0.0,0.6271,0.678,0.0,0.0,0.0,0.0,0.0,0.871,0.8333,1.0,0.0984,0.0517,0.0,0.0147,0.7812,0.0,0.7742,0.7969,0.0,0.0,0.0,0.0
P_1192,0.1017,0.1552,0.0,0.0323,0.0161,0.0781,0.0152,0.3091,0.0312,0.0484,0.0169,0.0169,0.0469,0.0727,0.0714,0.3,0.0351,0.0167,0.0,0.0,0.0317,0.0476,0.0145,0.0317,0.8644,0.1667,0.0968,0.0984,1.0,0.8333,0.7097,0.7213,0.0484,0.3651,0.05,0.0323,0.4828,0.4444,0.4107,0.3455
P_3066,0.0526,0.0877,0.0,0.0161,0.0984,0.2031,0.0781,0.1607,0.1452,0.1774,0.0179,0.0806,0.1692,0.2143,0.2281,0.2,0.1803,0.1379,0.0,0.0,0.2414,0.2462,0.1818,0.2063,0.6833,0.1129,0.0476,0.0517,0.8333,1.0,0.9524,0.9322,0.0169,0.1452,0.0164,0.0,0.1579,0.2308,0.1525,0.1404
P_2362,0.0,0.1034,0.0,0.0,0.1045,0.1364,0.0882,0.2034,0.2239,0.2424,0.0,0.0794,0.2,0.2656,0.3175,0.3651,0.197,0.129,0.0,0.0,0.2462,0.25,0.2143,0.2388,0.6912,0.0476,0.0,0.0,0.7097,0.9524,1.0,1.0,0.0,0.2031,0.0,0.0,0.1803,0.2429,0.2258,0.2167
P_10,0.0154,0.0984,0.0,0.0,0.0746,0.1304,0.0857,0.2344,0.209,0.2388,0.0,0.0758,0.1912,0.2581,0.3231,0.381,0.1667,0.1385,0.0,0.0,0.2121,0.2239,0.1711,0.2353,0.6769,0.0159,0.0,0.0147,0.7213,0.9322,1.0,1.0,0.0,0.2769,0.0,0.0,0.2258,0.2899,0.2742,0.2667
P_112,0.7846,0.0,0.5667,0.9375,0.0,0.0,0.0,0.0,0.0,0.0,0.619,0.1791,0.0,0.0167,0.0,0.0,0.0,0.0,0.3898,0.5156,0.0,0.0,0.0,0.0,0.0,0.9048,0.9559,0.7812,0.0484,0.0169,0.0,0.0,1.0,0.0,1.0,1.0,0.0,0.0,0.0,0.0
P_740,0.0156,0.5,0.0,0.0,0.1538,0.0714,0.1857,0.4918,0.0597,0.0,0.0,0.0,0.0149,0.0159,0.0164,0.3281,0.0746,0.0,0.0,0.0,0.0149,0.0149,0.0694,0.0294,0.4844,0.0,0.0,0.0,0.3651,0.1452,0.2031,0.2769,0.0,1.0,0.0,0.0,0.9231,0.9155,0.9508,0.9322
P_357,0.7424,0.0,0.6129,0.9714,0.0,0.0,0.0,0.0,0.0,0.0,0.625,0.1231,0.0,0.0161,0.0,0.0,0.0,0.0,0.4839,0.5303,0.0,0.0,0.0,0.0,0.0,0.8667,0.9412,0.7742,0.05,0.0164,0.0,0.0,1.0,0.0,1.0,1.0,0.0,0.0,0.0,0.0
P_1617,0.7143,0.0,0.5667,0.9385,0.0,0.0,0.0,0.0,0.0,0.0,0.6129,0.1587,0.0,0.0,0.0,0.0,0.0,0.0,0.459,0.5556,0.0,0.0,0.0,0.0,0.0,0.9032,0.9552,0.7969,0.0323,0.0,0.0,0.0,1.0,0.0,1.0,1.0,0.0,0.0,0.0,0.0
P_2394,0.0625,0.4107,0.0,0.0,0.0781,0.0758,0.1077,0.5536,0.0,0.0,0.0,0.0,0.0,0.0,0.0,0.3125,0.0,0.0,0.0,0.0,0.0167,0.0,0.0139,0.0154,0.5484,0.0169,0.0,0.0,0.4828,0.1579,0.1803,0.2258,0.0,0.9231,0.0,0.0,1.0,1.0,0.9841,0.9831
P_283,0.0303,0.3548,0.0,0.0,0.0294,0.0278,0.0571,0.5,0.029,0.0,0.0,0.0,0.0143,0.0156,0.0299,0.3676,0.0,0.0,0.0,0.0,0.0149,0.0,0.0,0.0141,0.5507,0.0152,0.0,0.0,0.4444,0.2308,0.2429,0.2899,0.0,0.9155,0.0,0.0,1.0,1.0,1.0,1.0
P_880,0.0,0.3448,0.0,0.0,0.0159,0.0159,0.0597,0.5254,0.0,0.0,0.0,0.0,0.0,0.0,0.0167,0.377,0.0,0.0,0.0,0.0,0.0161,0.0,0.0,0.0147,0.6129,0.0,0.0,0.0,0.4107,0.1525,0.2258,0.2742,0.0,0.9508,0.0,0.0,0.9841,1.0,1.0,1.0
P_964,0.0,0.3396,0.0,0.0,0.0339,0.0159,0.0781,0.4706,0.0172,0.0161,0.0,0.0,0.0167,0.0,0.0526,0.3929,0.0,0.0,0.0,0.0,0.0,0.0,0.0159,0.0,0.5345,0.0,0.0,0.0,0.3455,0.1404,0.2167,0.2667,0.0,0.9322,0.0,0.0,0.9831,1.0,1.0,1.0
