Restart_Index,Seed,K5_WCSS,K5_Iterations,K5_Converged,K5_ARI_to_Best,K6_WCSS,K6_Iterations,K6_Converged,K6_ARI_to_Best
1,42,40.5173,3,True,0.3258,33.0407,3,True,0.6393
2,43,39.0571,4,True,0.529,38.3859,3,True,0.6251
3,44,39.7587,4,True,0.6426,39.1391,3,True,0.45
4,45,41.4865,3,True,0.5478,35.6944,3,True,0.7584
5,46,41.5275,3,True,0.5244,39.6489,3,True,0.2804
6,47,36.9165,6,True,1.0,36.348,3,True,0.7531
7,48,41.6097,4,True,0.3998,37.6286,4,True,0.3528
8,49,44.2219,5,True,0.2747,39.8237,4,True,0.5015
9,50,37.579,3,True,0.6793,31.2889,4,True,0.9257
10,51,44.0468,4,True,0.2634,38.9616,5,True,0.1976
11,52,44.6966,3,True,0.4792,42.6405,3,True,0.4194
12,53,41.0565,4,True,0.3825,37.0171,4,True,0.4521
13,54,40.8821,3,True,0.5979,38.8936,3,True,0.3949
14,55,38.6939,5,True,0.533,35.8378,3,True,0.4451
15,56,37.9058,4,True,0.6401,34.221,4,True,0.6918
16,57,38.9756,4,True,0.3745,37.149,5,True,0.2831
17,58,37.8002,6,True,0.5744,31.5784,3,True,0.9478
18,59,37.7047,3,True,0.8434,31.2252,3,True,1.0
19,60,37.4778,3,True,0.6489,33.0195,3,True,0.6934
20,61,43.9805,4,True,0.2292,39.7378,2,True,0.4328
21,62,40.5484,3,True,0.4823,34.6773,7,True,0.7192
22,63,42.225,3,True,0.3627,38.2248,3,True,0.3771
23,64,43.7175,3,True,0.3708,36.6228,4,True,0.3038
24,65,37.9528,4,True,0.6908,33.5146,4,True,0.7231
25,66,39.1718,5,True,0.6877,34.3861,4,True,0.3686
26,67,37.652,4,True,0.8345,32.9877,3,True,0.6416
27,68,40.3996,4,True,0.5382,36.1415,3,True,0.4486
28,69,46.3931,3,True,0.2639,38.5009,4,True,0.2801
29,70,42.4349,4,True,0.5348,40.0428,4,True,0.5247
30,71,39.2601,3,True,0.3486,36.4064,3,True,0.2219
31,72,41.7612,5,True,0.6949,36.6882,4,True,0.7755
32,73,42.8231,5,True,0.3854,38.6162,3,True,0.4232
33,74,36.9165,4,True,1.0,33.7669,4,True,0.674
34,75,42.3974,5,True,0.3841,35.6345,6,True,0.6225
35,76,38.8637,3,True,0.3795,33.5301,3,True,0.4209
36,77,43.3641,3,True,0.3024,36.2281,6,True,0.3909
37,78,39.4962,4,True,0.4682,34.0654,4,True,0.4545
38,79,38.8774,4,True,0.8094,34.074,5,True,0.6548
39,80,44.7442,3,True,0.2915,33.9046,5,True,0.6225
40,81,39.3899,3,True,0.4257,34.9194,3,True,0.418
41,82,40.2856,4,True,0.4223,33.6329,4,True,0.6912
42,83,40.7519,6,True,0.5499,36.093,4,True,0.638
43,84,37.9528,5,True,0.6908,35.3395,4,True,0.7196
44,85,42.4118,4,True,0.3867,33.8867,6,True,0.6512
45,86,41.2188,3,True,0.3321,37.211,4,True,0.6613
46,87,37.9507,5,True,0.6793,31.2889,4,True,0.9257
47,88,42.9331,4,True,0.3288,37.6333,4,True,0.3422
48,89,42.6472,6,True,0.3065,37.6772,6,True,0.3262
49,90,41.6759,2,True,0.4004,35.4925,4,True,0.7585
50,91,45.4821,5,True,0.2741,37.9331,4,True,0.4918
51,92,40.6975,4,True,0.3556,37.5646,3,True,0.243
52,93,40.0308,3,True,0.7025,34.5221,4,True,0.6534
53,94,42.0068,4,True,0.5363,37.9693,3,True,0.5078
54,95,47.2962,3,True,0.393,38.0732,6,True,0.4871
55,96,40.2386,5,True,0.3397,33.9709,5,True,0.7394
56,97,39.8976,5,True,0.5395,37.089,5,True,0.5847
57,98,39.5598,6,True,0.5833,38.0583,3,True,0.4409
58,99,38.6821,4,True,0.7492,37.396,3,True,0.5139
59,100,42.2606,3,True,0.2198,38.5073,4,True,0.2858
60,101,41.1294,4,True,0.3604,37.6904,4,True,0.34
61,102,42.1163,3,True,0.5806,36.2363,7,True,0.6901
62,103,40.8963,4,True,0.3885,39.2556,3,True,0.4172
63,104,44.5563,3,True,0.1287,38.7379,3,True,0.4775
64,105,44.5194,3,True,0.1853,36.2088,3,True,0.3452
65,106,40.8895,6,True,0.5232,37.2151,5,True,0.2288
66,107,40.5866,6,True,0.3919,36.3909,3,True,0.5561
67,108,43.46,4,True,0.3217,36.0972,4,True,0.3914
68,109,45.0324,5,True,0.2376,34.6447,6,True,0.6175
69,110,37.322,5,True,0.7631,38.516,3,True,0.4948
70,111,41.3655,3,True,0.5962,37.7605,3,True,0.4504
71,112,41.4505,6,True,0.3728,36.6092,7,True,0.3595
72,113,42.515,6,True,0.507,37.1669,5,True,0.5699
73,114,41.3464,3,True,0.4282,36.9078,3,True,0.3977
74,115,41.9415,3,True,0.3499,37.3793,3,True,0.2
75,116,43.0168,3,True,0.5432,36.1155,3,True,0.6786
76,117,39.556,5,True,0.455,36.3689,7,True,0.4094
77,118,38.1323,4,True,0.3264,35.1782,3,True,0.3647
78,119,40.5462,6,True,0.5476,39.1963,6,True,0.3631
79,120,44.5208,3,True,0.3374,36.7091,5,True,0.4186
80,121,37.5067,4,True,0.6128,33.8098,4,True,0.6512
81,122,41.4395,4,True,0.5585,34.2663,5,True,0.5747
82,123,41.627,2,True,0.5136,39.0621,3,True,0.4775
83,124,42.2069,5,True,0.4068,34.2663,7,True,0.5747
84,125,40.8573,3,True,0.3534,36.2694,4,True,0.599
85,126,37.6418,5,True,0.6104,32.8744,8,True,0.6272
86,127,37.6692,3,True,0.6827,34.213,3,True,0.592
87,128,38.3526,4,True,0.6208,36.8455,3,True,0.3684
88,129,41.0853,4,True,0.5691,38.0146,3,True,0.3843
89,130,39.9912,5,True,0.4175,34.0604,5,True,0.5618
90,131,42.0636,4,True,0.5596,39.5226,4,True,0.4902
91,132,42.5084,3,True,0.5623,39.3695,3,True,0.4797
92,133,40.0171,5,True,0.4472,34.6135,5,True,0.7877
93,134,42.4712,4,True,0.3628,38.1332,3,True,0.1902
94,135,39.7925,8,True,0.3088,38.5361,4,True,0.4924
95,136,38.7801,4,True,0.6794,34.6579,4,True,0.6007
96,137,42.7076,7,True,0.2466,39.6812,5,True,0.1904
97,138,38.1161,6,True,0.8418,34.606,6,True,0.6369
98,139,43.8922,4,True,0.2973,38.5417,4,True,0.1967
99,140,40.7526,3,True,0.6035,35.9669,3,True,0.4336
100,141,37.322,7,True,0.7631,34.5374,5,True,0.6416
