Config,Cluster_ID,Cluster_Size,Dominant_Role,Role_Distribution,Median_Price_VND,IQR_Price_VND,Top_Brand,Top_Brand_Share_Pct,Skin_Oily_Pct,Skin_Dry_Pct,Skin_Sensitive_Pct,Top_Ingredient_Entities,Note
Config_M,C1,212,CLEANSER,"{'CLEANSER': 117, 'TREATMENT': 40, 'SUNSCREEN': 30, 'MOISTURIZER': 21, 'SERUM': 4}",79500,42250,Acnes,9.91,0.0,0.0,0.0,"glycerin (67%), disodium_edta (42%), phenoxyethanol (42%), butylene_glycol (37%), fragrance (37%), niacinamide (29%)",Research interpretation only
Config_M,C2,187,CLEANSER,"{'CLEANSER': 165, 'TREATMENT': 22}",298000,191500,CeraVe,9.09,0.0,0.0,0.0,"glycerin (75%), citric_acid (47%), phenoxyethanol (45%), sodium_chloride (43%), disodium_edta (37%), sodium_benzoate (36%)",Research interpretation only
Config_M,C3,95,SERUM,"{'SERUM': 47, 'MOISTURIZER': 23, 'SUNSCREEN': 18, 'TREATMENT': 4, 'CLEANSER': 3}",935000,347500,Vichy,10.53,0.0,0.0,0.0,"glycerin (75%), butylene_glycol (59%), phenoxyethanol (52%), tocopherol (51%), dimethicone (45%), citric_acid (40%)",Research interpretation only
Config_M,C4,171,MOISTURIZER,{'MOISTURIZER': 171},329000,179000,Olay,7.02,0.0,0.0,0.0,"glycerin (79%), dimethicone (52%), butylene_glycol (50%), sodium_hyaluronate (49%), niacinamide (45%), disodium_edta (42%)",Research interpretation only
Config_M,C5,183,SUNSCREEN,{'SUNSCREEN': 183},316000,187500,Sunplay,16.94,0.0,0.0,0.0,"glycerin (67%), butylene_glycol (63%), tocopherol (62%), silica (56%), titanium_dioxide (52%), dimethicone (51%)",Research interpretation only
Config_M,C6,156,SERUM,{'SERUM': 156},323000,145250,Garnier,4.49,0.0,0.0,0.0,"glycerin (70%), butylene_glycol (68%), sodium_hyaluronate (54%), niacinamide (54%), disodium_edta (41%), 2_hexanediol (40%)",Research interpretation only
Config_MI_WORD,C1,189,MOISTURIZER,"{'MOISTURIZER': 187, 'TREATMENT': 2}",358000,217000,Olay,6.88,0.0,0.0,0.0,"glycerin (76%), dimethicone (54%), butylene_glycol (50%), sodium_hyaluronate (48%), niacinamide (42%), disodium_edta (41%)",Research interpretation only
Config_MI_WORD,C2,144,SUNSCREEN,"{'SUNSCREEN': 63, 'TREATMENT': 42, 'MOISTURIZER': 28, 'SERUM': 10, 'CLEANSER': 1}",96500,67250,Sunplay,20.14,0.0,0.0,0.0,"glycerin (50%), butylene_glycol (47%), sodium_hyaluronate (42%), phenoxyethanol (41%), dimethicone (40%), disodium_edta (38%)",Research interpretation only
Config_MI_WORD,C3,197,SERUM,{'SERUM': 197},371000,298000,Cocoon,4.06,0.0,0.0,0.0,"glycerin (75%), butylene_glycol (69%), sodium_hyaluronate (55%), niacinamide (53%), xanthan_gum (40%), 2_hexanediol (39%)",Research interpretation only
Config_MI_WORD,C4,127,CLEANSER,"{'CLEANSER': 105, 'TREATMENT': 22}",368000,128000,Cetaphil,12.6,0.0,0.0,0.0,"glycerin (70%), citric_acid (51%), phenoxyethanol (43%), sodium_chloride (43%), sodium_hydroxide (36%), sodium_benzoate (35%)",Research interpretation only
Config_MI_WORD,C5,179,CLEANSER,{'CLEANSER': 179},116000,89000,Hada Labo,7.26,0.0,0.0,0.0,"glycerin (85%), disodium_edta (53%), phenoxyethanol (49%), lauric_acid (37%), citric_acid (37%), sodium_benzoate (36%)",Research interpretation only
Config_MI_WORD,C6,168,SUNSCREEN,{'SUNSCREEN': 168},358500,186250,Anessa,10.71,0.0,0.0,0.0,"glycerin (68%), tocopherol (66%), butylene_glycol (62%), titanium_dioxide (56%), silica (56%), dimethicone (51%)",Research interpretation only
Config_MI_INGREDIENT,C1,144,SUNSCREEN,"{'SUNSCREEN': 66, 'TREATMENT': 40, 'MOISTURIZER': 26, 'SERUM': 11, 'CLEANSER': 1}",96500,67250,Sunplay,20.14,0.0,0.0,0.0,"glycerin (49%), butylene_glycol (47%), sodium_hyaluronate (42%), phenoxyethanol (41%), dimethicone (40%), disodium_edta (38%)",Research interpretation only
Config_MI_INGREDIENT,C2,196,SERUM,{'SERUM': 196},371500,300250,Cocoon,4.08,0.0,0.0,0.0,"glycerin (74%), butylene_glycol (68%), sodium_hyaluronate (55%), niacinamide (53%), 2_hexanediol (39%), xanthan_gum (39%)",Research interpretation only
Config_MI_INGREDIENT,C3,165,SUNSCREEN,{'SUNSCREEN': 165},360000,183000,Anessa,10.91,0.0,0.0,0.0,"glycerin (68%), tocopherol (67%), butylene_glycol (63%), silica (57%), titanium_dioxide (56%), dimethicone (52%)",Research interpretation only
Config_MI_INGREDIENT,C4,191,MOISTURIZER,"{'MOISTURIZER': 189, 'TREATMENT': 2}",351000,213000,Olay,6.81,0.0,0.0,0.0,"glycerin (76%), dimethicone (53%), butylene_glycol (50%), sodium_hyaluronate (47%), niacinamide (42%), disodium_edta (40%)",Research interpretation only
Config_MI_INGREDIENT,C5,128,CLEANSER,"{'CLEANSER': 104, 'TREATMENT': 24}",367000,128500,Cetaphil,12.5,0.0,0.0,0.0,"glycerin (71%), citric_acid (50%), phenoxyethanol (41%), sodium_chloride (41%), sodium_hydroxide (36%), sodium_benzoate (35%)",Research interpretation only
Config_MI_INGREDIENT,C6,180,CLEANSER,{'CLEANSER': 180},116500,90500,Hada Labo,7.22,0.0,0.0,0.0,"glycerin (85%), disodium_edta (52%), phenoxyethanol (49%), citric_acid (37%), lauric_acid (37%), sodium_benzoate (36%)",Research interpretation only
