Config,K,Restarts_Count,Best_WCSS,Mean_WCSS,Std_WCSS,Mean_ARI_to_Best
Config_M,6,50,865.8811,933.0773,57.6001,0.6663
Config_M,7,50,787.914,835.6964,40.7939,0.7063
Config_M,8,50,721.2952,775.3241,40.9086,0.7101
Config_MI_WORD,6,50,997.1991,1010.0964,16.7529,0.8179
Config_MI_WORD,7,50,963.4285,976.1667,11.5393,0.7965
Config_MI_WORD,8,50,934.6201,951.5752,12.3153,0.7715
Config_MI_INGREDIENT,6,50,1015.6983,1033.9008,24.4477,0.7995
Config_MI_INGREDIENT,7,50,982.6577,1000.8134,26.6813,0.8029
Config_MI_INGREDIENT,8,50,953.6706,965.564,8.0609,0.8148
