product_id,product_name,breadcrumb,price_vnd,ingredient_available,cluster_TAX,cluster_TAX_PRICE_SKIN,cluster_TAX_PRICE_SKIN_ING,top3_neighbors_no_ing,top3_neighbors_ing
P_40,"Combo 10 Mặt Nạ Caryophy Giảm Mụn, Thâm & Dưỡng Ẩm Da 22g",Sức Khỏe - Làm Đẹp -> Chăm Sóc Da Mặt -> Mặt Nạ -> Mặt Nạ Giấy,229000.0,True,7,2,0,Combo 10 Mặt Nạ BNBG Tràm Trà  | Combo 3 Hộp Mặt Nạ Colorkey B5 | Combo 10 Mặt Nạ Derladie Hỗ Tr,Hộp 5 Mặt Nạ Cell Fusion C Rau | Combo 5 Mặt Nạ Caryophy Làm Gi | Combo 10 Mặt Nạ BNBG Tràm Trà 
P_73,Combo 10 Mặt Nạ BNBG Vitamin B Phục Hồi Da 30ml (Mới),Sức Khỏe - Làm Đẹp -> Chăm Sóc Da Mặt -> Mặt Nạ -> Mặt Nạ Giấy,150000.0,True,7,2,0,Combo 10 Mặt Nạ Banobagi Phục  | Combo 5 Mặt Nạ B.O.M Dưỡng Ẩm  | Combo 10 Mặt Nạ Wonjin Siêu Ti,Combo 5 Mặt Nạ BNBG Vitamin B  | Combo 20 Mặt Nạ BNBG Vitamin B | Combo 3 Mặt Nạ BNBG Vitamin B 
P_107,"Combo 5 Mặt Nạ Caryophy Làm Giảm Mụn, Thâm & Dưỡng Ẩm Da 22g",Sức Khỏe - Làm Đẹp -> Chăm Sóc Da Mặt -> Mặt Nạ -> Mặt Nạ Giấy,109000.0,True,7,2,4,Combo 10 Mặt Nạ Colorkey Hỗ Tr | Combo 10 Mặt Nạ Foodaholic Aci | Mặt Nạ Emmié Cica Làm Dịu Da M,Combo 3 Mặt Nạ Caryophy Giảm M | Hộp 5 Mặt Nạ Cell Fusion C Rau | Combo 10 Mặt Nạ Caryophy Giảm 
P_147,Combo 10 Mặt Nạ BNBG Vitamin E Dưỡng Ẩm Da 30ml (Mới),Sức Khỏe - Làm Đẹp -> Chăm Sóc Da Mặt -> Mặt Nạ -> Mặt Nạ Giấy,150000.0,True,7,2,0,Combo 10 Mặt Nạ Banobagi Cấp Ẩ | Combo 5 Mặt Nạ B.O.M Dưỡng Ẩm  | Combo 10 Mặt Nạ Banobagi Cấp Ẩ,Combo 10 Mặt Nạ Banobagi Cấp Ẩ | Combo 10 Mặt Nạ BNBG Vitamin D | Combo 10 Mặt Nạ BNBG Vitamin A
P_164,"Combo 3 Hộp Mặt Nạ Colorkey B5 Dưỡng Ẩm Làm Dịu, Sáng Da, Ng",Sức Khỏe - Làm Đẹp -> Chăm Sóc Da Mặt -> Mặt Nạ -> Mặt Nạ Giấy,228000.0,True,7,2,0,Combo 10 Mặt Nạ Caryophy Giảm  | Combo 10 Mặt Nạ BNBG Tràm Trà  | Combo 10 Mặt Nạ Derladie Hỗ Tr,[Mua 1 Tặng 3 Quà] Combo 3 Hộp | Combo 30 Mặt Nạ Colorkey Hỗ Tr | Combo 3 Hộp Mặt Nạ Colorkey B5
P_185,Hộp 10 Miếng Mặt Nạ Wonjin Phục Hồi Chuyên Sâu 30g/M,Sức Khỏe - Làm Đẹp -> Chăm Sóc Da Mặt -> Mặt Nạ -> Mặt Nạ Giấy,279000.0,True,7,2,0,Hộp 10 Miếng Mặt Nạ Wonjin Nân | Combo 10 Mặt Nạ Wonjin Tăng Si | Combo 10 Mặt Nạ Sur.Medic+ Phụ,Hộp 10 Miếng Mặt Nạ Wonjin Nân | Hộp 10 Miếng Mặt Nạ Wonjin Dưỡ | Combo 5 Mặt Nạ Wonjin Cung Cấp
P_1,Sữa Rửa Mặt CeraVe Sạch Sâu Cho Da Thường Đến Da Dầu 473ml,Sức Khỏe - Làm Đẹp -> Chăm Sóc Da Mặt -> Làm Sạch Da -> Sữa Rửa Mặt,357000.0,True,0,1,5,Gel Rửa Mặt Eucerin Cho Da Mụn | Sữa Rửa Mặt Laboratorios Babé  | Sữa Rửa Mặt Cerave Cho Da Dầu ,Sữa Rửa Mặt CeraVe Sạch Sâu Ch | [Mini] Combo 10 Sữa Rửa Mặt Ce | Sữa Rửa Mặt Cerave Cho Da Dầu 
P_6,Sữa Rửa Mặt Cetaphil Dịu Lành Cho Da Nhạy Cảm 500ml (Mới),Sức Khỏe - Làm Đẹp -> Chăm Sóc Da Mặt -> Làm Sạch Da -> Sữa Rửa Mặt,305000.0,True,0,1,5,"Gel Rửa Mặt Cetaphil Sạch Sâu, | Sữa Rửa Mặt CeraVe Làm Sạch &  | Gel Rửa Mặt SVR Dành Cho Da Nh",Combo 2 Sữa Rửa Mặt Cetaphil D | Combo 10 Sữa Rửa Mặt Cetaphil  | Sữa Rửa Mặt Cetaphil Dịu Lành 
P_11,Sữa Rửa Mặt CeraVe Sạch Sâu Cho Da Thường Đến Da Dầu 236ml,Sức Khỏe - Làm Đẹp -> Chăm Sóc Da Mặt -> Làm Sạch Da -> Sữa Rửa Mặt,272000.0,True,0,1,5,Sữa Rửa Mặt Curél Dạng Bọt Dàn | Sữa Rửa Mặt Cerave Cho Da Dầu  | Gel Rửa Mặt Eucerin Cho Da Nhờ,Sữa Rửa Mặt CeraVe Sạch Sâu Ch | [Mini] Combo 10 Sữa Rửa Mặt Ce | Sữa Rửa Mặt CeraVe Sạch Sâu Ch
P_18,Combo 3 Gel Rửa Mặt La Roche-Posay Cho Da Dầu Nhạy Cảm 50ml,Sức Khỏe - Làm Đẹp -> Chăm Sóc Da Mặt -> Làm Sạch Da -> Sữa Rửa Mặt,149000.0,True,0,7,5,Combo 2 Gel Rửa Mặt La Roche-P | Sữa Rửa Mặt Cetaphil Dịu Lành  | Gel Rửa Mặt Garnier Sạch Thoán,Combo 2 Gel Rửa Mặt La Roche-P | Combo 4 Gel Rửa Mặt La Roche-P | Gel Rửa Mặt La Roche-Posay Dàn
P_21,"Gel Rửa Mặt La Roche-Posay Dành Cho Da Dầu, Nhạy Cảm 400ml",Sức Khỏe - Làm Đẹp -> Chăm Sóc Da Mặt -> Làm Sạch Da -> Sữa Rửa Mặt,412000.0,True,0,1,5,Gel Rửa Mặt Isis Pharma Giảm N | Sữa Rửa Mặt Cetaphil Dịu Lành  | Combo 8 Gel Rửa Mặt La Roche-P,Combo 8 Gel Rửa Mặt La Roche-P | Gel Rửa Mặt La Roche-Posay Dàn | Túi Refill Gel Rửa Mặt La Roch
P_35,Sữa Rửa Mặt Cetaphil Dịu Lành Cho Da Nhạy Cảm 125ml (Mới),Sức Khỏe - Làm Đẹp -> Chăm Sóc Da Mặt -> Làm Sạch Da -> Sữa Rửa Mặt,125000.0,True,0,7,5,Sữa Rửa Mặt Bio-essence Tạo Bọ | Sữa Rửa Mặt St.Ives Tẩy Tế Bào | Gel Rửa Mặt SVR Dành Cho Da Nh,Sữa Rửa Mặt Cetaphil Dịu Lành  | Sữa Rửa Mặt Cetaphil Dịu Lành  | Sữa Rửa Mặt Cetaphil Tạo Bọt D
P_10,"Kem Chống Nắng La Roche-Posay Phổ Rộng, Nâng Tông Kiềm Dầu 5",Sức Khỏe - Làm Đẹp -> Chăm Sóc Da Mặt -> Chống Nắng Da Mặt,412000.0,True,2,4,6,Combo Kem Chống Nắng Dr.G Dưỡn | Combo 2 Sữa Chống Nắng Sunplay | Kem Chống Nắng Eucerin Kiềm Dầ,Kem Chống Nắng Vichy Chống Bụi | Kem Chống Nắng La Roche-Posay  | [Mini] Kem Chống Nắng La Roche
P_13,Kem Chống Nắng Skin1004 Cho Da Nhạy Cảm SPF 50+ 50ml,Sức Khỏe - Làm Đẹp -> Chăm Sóc Da Mặt -> Chống Nắng Da Mặt,239000.0,True,2,4,6,"Tinh Chất Chống Nắng Bioré UV  | Kem Chống Nắng Australis Le Ta | Kem Chống Nắng Cosrx Mỏng Nhẹ,",Kem Chống Nắng Skin1004 Nâng T | Combo 2 Kem Chống Nắng Skin100 | Kem Chống Nắng Pyunkang Yul Ph
P_16,Sữa Chống Nắng Anessa Dưỡng Da Kiềm Dầu 60ml (Bản Mới),Sức Khỏe - Làm Đẹp -> Chăm Sóc Da Mặt -> Chống Nắng Da Mặt,432000.0,True,2,4,6,Kem Chống Nắng Bioderma Dành C | Combo Vichy Chống Nắng Giảm Th | Kem Chống Nắng Eucerin Kiềm Dầ,Combo 2 Sữa Chống Nắng Anessa  | Sữa Chống Nắng Elixir Nâng Tôn | Sữa Chống Nắng Elixir Dưỡng Da
P_20,Sữa Chống Nắng Anessa Cho Da Nhạy Cảm & Trẻ Em 60ml (Mới),Sức Khỏe - Làm Đẹp -> Chăm Sóc Da Mặt -> Chống Nắng Da Mặt,432000.0,True,2,4,6,Kem Chống Nắng Axis-Y Vật Lý D | Sữa Chống Nắng Cetaphil SPF 50 | Gel Chống Nắng Anessa Cho Da N,Gel Chống Nắng Anessa Cho Da N | Combo 2 Sữa Chống Nắng Anessa  | Combo Anessa Gel Chống Nắng Dư
P_27,Kem Chống Nắng MartiDerm Phổ Rộng Bảo Vệ Toàn Diện 40ml,Sức Khỏe - Làm Đẹp -> Chăm Sóc Da Mặt -> Chống Nắng Da Mặt,563000.0,True,2,4,6,Kem Chống Nắng The Lab Nâng Tô | Sữa Chống Nắng La Roche-Posay  | Combo 2 Kem Chống Nắng Cell Fu,Kem Chống Nắng Eucerin SPF 50  | Sữa Chống Nắng Cathy Doll Dưỡn | Kem Chống Nắng Eucerin Chứa Ti
P_32,Kem Chống Nắng L'Oreal X20 Thoáng Da Mỏng Nhẹ 50ml,Sức Khỏe - Làm Đẹp -> Chăm Sóc Da Mặt -> Chống Nắng Da Mặt,241000.0,True,2,4,6,Kem Chống Nắng Beplain Nâng Tô | Sữa Chống Nắng L’Oreal Bảo Vệ  | Kem Chống Nắng Nivea Dạng Sữa ,Gel Chống Nắng L'Oreal Waterge | Kem Chống Nắng L'Oreal Mịn Nhẹ | Combo 2 Gel Chống Nắng L'Oreal
P_12,Kem Dưỡng La Roche-Posay Giúp Phục Hồi Da Đa Công Dụng 40ml,Sức Khỏe - Làm Đẹp -> Chăm Sóc Da Mặt -> Dưỡng Ẩm -> Kem / Gel / Dầu Dưỡng,292000.0,True,4,5,2,Kem Dưỡng Ẩm Cetaphil Dịu Lành | Kem Dưỡng Ẩm Klairs Làm Dịu &  | Kem Dưỡng Avène Làm Lành Da Nộ,Kem Dưỡng La Roche-Posay Giúp  | Kem Dưỡng La Roche-Posay Giúp  | Kem Dưỡng La Roche-Posay Làm D
P_17,Kem Dưỡng La Roche-Posay Giúp Phục Hồi Da Đa Công Dụng 100ml,Sức Khỏe - Làm Đẹp -> Chăm Sóc Da Mặt -> Dưỡng Ẩm -> Kem / Gel / Dầu Dưỡng,522000.0,True,4,5,2,Kem Dưỡng Axis-Y Chiết Xuất Di | Kem Dưỡng Ẩm Eucerin Dịu Nhẹ C | Kem Dưỡng Avène Làm Lành Da Nộ,Kem Dưỡng La Roche-Posay Giúp  | Kem Dưỡng La Roche-Posay Giúp  | Kem Dưỡng Ẩm Eucerin Dịu Nhẹ C
P_39,Sữa Dưỡng Ẩm Embryolisse Siêu Phục Hồi Da 75ml,Sức Khỏe - Làm Đẹp -> Chăm Sóc Da Mặt -> Dưỡng Ẩm -> Kem / Gel / Dầu Dưỡng,345000.0,True,4,5,2,Kem Dưỡng Eucerin Giúp Phục Hồ | Kem Dưỡng CeraVe Cho Da Khô Đế | Combo 2 Kem Dưỡng L'Oreal Siêu,Sữa Dưỡng Ẩm Embryolisse Siêu  | Kem Dưỡng Eucerin Giúp Phục Hồ | Kem Dưỡng Avène Giảm Khô Ngứa 
P_42,"Kem Dưỡng Vichy Sáng Da, Mờ Thâm Nám Ban Đêm 50ml",Sức Khỏe - Làm Đẹp -> Chăm Sóc Da Mặt -> Dưỡng Ẩm -> Kem / Gel / Dầu Dưỡng,821000.0,True,4,5,2,"Kem Dưỡng Vichy Ngừa Lão Hóa,  | Combo 2 Kem Dưỡng Olay Cải Thi | Kem Dưỡng d program Ngăn Ngừa ","Kem Dưỡng Vichy Ngừa Lão Hóa,  | Kem Dưỡng Vichy Hỗ Trợ Mờ Thâm | Bộ Sản Phẩm L'Oreal Kem Dưỡng "
P_44,Kem Dưỡng Ẩm Neutrogena Cấp Nước Cho Da Dầu 50g,Sức Khỏe - Làm Đẹp -> Chăm Sóc Da Mặt -> Dưỡng Ẩm -> Kem / Gel / Dầu Dưỡng,232000.0,True,4,5,2,"Kem Dưỡng B.O.M Sáng Da Ngừa M | Kem Dưỡng Torriden Làm Dịu, Ph | Gel Dưỡng Ẩm Hada Labo Ngừa Mụ",Combo 2 Kem Dưỡng Ẩm Neutrogen | Combo 2 Kem Dưỡng Ẩm Neutrogen | Combo Kem Dưỡng Neutrogena Cấp
P_48,Kem Dưỡng Olay Luminous Sáng Da Mờ Thâm Nám Ban Đêm 50g,Sức Khỏe - Làm Đẹp -> Chăm Sóc Da Mặt -> Dưỡng Ẩm -> Kem / Gel / Dầu Dưỡng,149000.0,True,4,5,2,Kem Dưỡng Garnier Tinh Chất Se | Kem Dưỡng Olay Ban Ngày Sáng D | Kem Dưỡng Hada Labo Sáng Da Ch,Kem Dưỡng Olay Ban Ngày Sáng D | Kem Dưỡng Olay Ban Ngày Ngăn N | Kem Dưỡng Olay Total Effects N
P_3,Combo Cocoon Nước Cân Bằng Sen Hậu Giang 310ml + Nước Tẩy Tr,Sức Khỏe - Làm Đẹp -> Chăm Sóc Da Mặt -> Bộ Chăm Sóc Da Mặt,243000.0,True,2,4,6,Combo Sunplay Sữa Chống Nắng S | Combo Cocoon Tẩy Da Chết Mặt C | Combo Neutrogena Sữa Tắm + Sữa,Combo Cocoon Nước Cân Bằng Sen | Combo Cocoon Tinh Chất Nghệ Hư | Combo Cocoon Tẩy Da Chết Mặt C
P_9,Combo Cocoon Nước Tẩy Trang Bí Đao 500ml + Gel Rửa Mặt Bí Đa,Sức Khỏe - Làm Đẹp -> Chăm Sóc Da Mặt -> Bộ Chăm Sóc Da Mặt,269000.0,True,2,4,6,Combo Cocoon Nước Tẩy Trang 50 | Combo Cocoon Sữa Chống Nắng Bí | Combo Cocoon Nước Bí Đao Cân B,Combo Cocoon Gel Rửa Mặt Bí Đa | Combo Cocoon Gel Rửa Mặt 140ml | Combo Cocoon Nước Bí Đao Cân B
P_76,Combo Kem Dưỡng Olay Sáng Da Mờ Thâm Nám Ngày Và Đêm 50gx2,Sức Khỏe - Làm Đẹp -> Chăm Sóc Da Mặt -> Bộ Chăm Sóc Da Mặt,308000.0,True,2,4,6,Combo Cocoon Gel Rửa Mặt Cà Ph | Combo L'Oreal Serum Hyaluronic | Hộp Quà Sunplay Chống Nắng Dưỡ,Combo Kem Dưỡng Olay Ngừa Lão  | Bộ 2 Kem Dưỡng Olay Ngăn Ngừa  | Combo Serum & Kem Dưỡng Olay M
P_80,Combo Cocoon Tẩy Da Chết Cho Mặt 150ml + Toàn Thân 200ml Từ ,Sức Khỏe - Làm Đẹp -> Chăm Sóc Da Mặt -> Bộ Chăm Sóc Da Mặt,148000.0,True,2,4,6,[Mini] Bộ innisfree Cấp Ẩm Da  | Combo Nước Tẩy Trang Cocoon Bí | Combo Cocoon Mặt Nạ Nghệ Hưng ,Combo Cocoon Mặt Nạ Nghệ Hưng  | Combo Cocoon Tẩy Da Chết Mặt C | Combo Cocoon Gel Tắm Đường Thố
P_89,"Combo L'Oreal Serum Sáng Da, Mờ Thâm Mụn & Nám 30ml + 2 Kem ",Sức Khỏe - Làm Đẹp -> Chăm Sóc Da Mặt -> Bộ Chăm Sóc Da Mặt,325000.0,True,2,4,6,Combo Neutrogena Nước Tẩy Tran | Bộ La Roche-Posay Chăm Sóc Da  | Combo Garnier 2 Serum Giảm Mụn,Combo Garnier 2 Serum Giảm Mụn | Combo Garnier Sữa Rửa Mặt 100m | Combo Garnier Serum Giảm Mụn M
P_97,Combo Kem Dưỡng Olay Ngừa Lão Hóa Ban Ngày & Ban Đêm 50g/Lọ,Sức Khỏe - Làm Đẹp -> Chăm Sóc Da Mặt -> Bộ Chăm Sóc Da Mặt,428000.0,True,2,4,6,Combo Melano CC Lotion 170ml + | Combo Sữa Chống Nắng Sunplay 5 | Combo L'Oreal Kem Chống Nắng X,Combo Kem Dưỡng Olay Sáng Da M | Bộ 2 Kem Dưỡng Olay Ngăn Ngừa  | Combo Olay Serum & Kem Dưỡng C
P_22,Serum d'Alba Dạng Xịt Nấm Truffle Trắng Căng Bóng Da 100ml,Sức Khỏe - Làm Đẹp -> Chăm Sóc Da Mặt -> Đặc Trị -> Serum / Tinh Chất,359000.0,True,1,0,0,Serum Olay Retinol24 Ngừa Lão  | Serum B.O.M Vàng 24K Làm Sáng  | Serum Axis-Y Dưỡng Sáng & Giảm,"Serum Neogen Dermalogy Dưỡng S | Serum Klairs Phục Hồi, Ngừa Lã | Serum oh!oh! Dưỡng Sáng Da, Gi"
P_23,Serum La Roche-Posay Giảm Thâm Nám & Dưỡng Sáng Da 30ml,Sức Khỏe - Làm Đẹp -> Chăm Sóc Da Mặt -> Đặc Trị -> Serum / Tinh Chất,914000.0,True,1,0,0,Serum SVR Ngăn Ngừa Lão Hóa &  | Serum SVR Giúp Làm Sáng Da Và  | Serum Obagi Vitamin C 15% Sáng,Serum La Roche-Posay Giúp Giảm | Serum Vichy Hỗ Trợ Trẻ Hoá Và  | Dưỡng Chất Vichy Giảm Nếp Nhăn
P_38,"Serum L'Oreal Sáng Da, Mờ Thâm Mụn & Nám 30ml (Mới)",Sức Khỏe - Làm Đẹp -> Chăm Sóc Da Mặt -> Đặc Trị -> Serum / Tinh Chất,277000.0,True,1,0,0,"Serum Torriden Làm Dịu, Giảm M | Serum Shimbi Method Dưỡng Sáng | Serum Caryophy Giảm Mụn Mờ Thâ",Combo 3 Serum Garnier Giảm Mụn | Serum Garnier Giảm Mụn Mờ Thâm | Serum L'Oreal Niacinamide 2% K
P_50,Serum Skin1004 Rau Má Làm Dịu & Hỗ Trợ Phục Hồi Da 100ml,Sức Khỏe - Làm Đẹp -> Chăm Sóc Da Mặt -> Đặc Trị -> Serum / Tinh Chất,379000.0,True,1,0,0,Serum Celimax Dưỡng Ẩm Hỗ Trợ  | Serum Timeless Vitamin B5 Làm  | Serum d program Dưỡng Da Bảo V,[Mini] Combo 2 Serum Skin1004  | Serum Skin1004 Rau Má Làm Dịu  | Serum Timeless Vitamin B5 Làm 
P_58,Serum La Roche-Posay Giúp Tái Tạo & Phục Hồi Da 30ml,Sức Khỏe - Làm Đẹp -> Chăm Sóc Da Mặt -> Đặc Trị -> Serum / Tinh Chất,996000.0,True,1,0,0,Serum La Roche-Posay Giúp Giảm | Combo 2 Serum Olay Sức Mạnh Từ | Serum Cetaphil Làm Dịu Và Phục,Serum La Roche-Posay Giảm Thâm | Dưỡng Chất Vichy Giảm Nếp Nhăn | Serum Vichy Hỗ Trợ Trẻ Hoá Và 
P_59,"Serum Torriden Dưỡng Ẩm Sâu, Sáng Bóng Da 50ml",Sức Khỏe - Làm Đẹp -> Chăm Sóc Da Mặt -> Đặc Trị -> Serum / Tinh Chất,274000.0,True,1,0,0,Serum Cosmedica Hyaluronic Aci | Serum Timeless Hyaluronic Acid | Serum Hada Labo Dưỡng Sáng Da ,"Serum Tia'm HA Cấp Nước, Hỗ Tr | Serum Jumiso Dưỡng Ẩm Da 50ml | Tinh Chất La Bonita B5 Hỗ Trợ "
P_2,Combo 2 Nước Tẩy Trang Bí Đao Cocoon Làm Sạch & Giảm Dầu 500,Sức Khỏe - Làm Đẹp -> Chăm Sóc Da Mặt -> Làm Sạch Da -> Tẩy Trang Mặt,338000.0,True,5,1,3,Nước Tẩy Trang Bioderma Dành C | Nước Tẩy Trang SVR Micellar Gi | Nước Tẩy Trang Bioderma Dành C,Combo Cocoon Nước Tẩy Trang Bí | Nước Tẩy Trang Bí Đao Cocoon L | Combo Cocoon Nước Tẩy Trang + 
P_5,Nước Tẩy Trang Bioderma Dành Cho Da Nhạy Cảm 500ml,Sức Khỏe - Làm Đẹp -> Chăm Sóc Da Mặt -> Làm Sạch Da -> Tẩy Trang Mặt,335000.0,True,5,1,3,Nước Tẩy Trang Eucerin Dịu Nhẹ | Nước Tẩy Trang Bioderma Dành C | Nước Tẩy Trang Eucerin Dịu Nhẹ,Nước Tẩy Trang Bioderma Dành C | Khăn Ướt Tẩy Trang Bioderma Là | Nước Tẩy Trang Bioderma Dành C
P_7,"Nước Tẩy Trang L'Oreal Tươi Mát Cho Da Dầu, Hỗn Hợp 400ml",Sức Khỏe - Làm Đẹp -> Chăm Sóc Da Mặt -> Làm Sạch Da -> Tẩy Trang Mặt,145000.0,True,5,7,3,Combo Nước Tẩy Trang Garnier V | Combo Nước Tẩy Trang Garnier D | Nước Tẩy Trang Derladie Ngừa M,[Mini] Combo 5 Nước Tẩy Trang  | Nước Tẩy Trang L'Oreal Làm Sạc | Combo L'Oreal Nước Tẩy Trang T
P_14,Nước Tẩy Trang Bioderma Dành Cho Da Dầu & Hỗn Hợp 500ml,Sức Khỏe - Làm Đẹp -> Chăm Sóc Da Mặt -> Làm Sạch Da -> Tẩy Trang Mặt,335000.0,True,5,1,3,Combo 2 Nước Tẩy Trang Bí Đao  | Nước Tẩy Trang SVR Micellar Gi | Nước Tẩy Trang Bioderma Dành C,Nước Tẩy Trang Bioderma Dành C | Nước Tẩy Trang Bioderma Dành C | Combo 2 Nước Tẩy Trang Bioderm
P_25,Nước Tẩy Trang La Roche-Posay Dành Cho Da Nhạy Cảm 400ml,Sức Khỏe - Làm Đẹp -> Chăm Sóc Da Mặt -> Làm Sạch Da -> Tẩy Trang Mặt,389000.0,True,5,1,3,Nước Tẩy Trang La Roche-Posay  | Nước Tẩy Trang Bioderma Dành C | Nước Tẩy Trang Eucerin Dịu Nhẹ,Nước Tẩy Trang La Roche-Posay  | Combo 2 Nước Tẩy Trang La Roch | Nước Tẩy Trang Eucerin Dịu Nhẹ
P_29,Nước Tẩy Trang L'Oreal Làm Sạch Sâu Trang Điểm 400ml,Sức Khỏe - Làm Đẹp -> Chăm Sóc Da Mặt -> Làm Sạch Da -> Tẩy Trang Mặt,188000.0,True,5,1,3,Combo 2 Nước Tẩy Trang Hada La | Combo L'Oreal Nước Tẩy Trang S | Combo 2 Nước Tẩy Trang Hada La,Combo L'Oreal Nước Tẩy Trang S | Combo 2 Nước Tẩy Trang L'Oreal | Nước Tẩy Trang L'Oreal Căng Mị
P_71,Son Dưỡng Môi DHC Không Màu Hỗ Trợ Giảm Thâm Môi 1.5g,Sức Khỏe - Làm Đẹp -> Chăm Sóc Da Mặt -> Dưỡng Môi -> Son Dưỡng Môi,165000.0,True,3,6,7,Combo 2 Son Dưỡng LipIce Lip P | Combo 2 Son Dưỡng LipIce Lip P | Combo 2 Son Dưỡng LipIce Lip P,"Son Dưỡng Nerman Ngừa Thâm Khô | Sáp Dưỡng Môi SVR Cho Môi Khô, | Son Dưỡng Bioderma Dạng Sáp Là"
P_127,Sáp Dưỡng Môi Vaseline Hồng Xinh 7g,Sức Khỏe - Làm Đẹp -> Chăm Sóc Da Mặt -> Dưỡng Môi -> Son Dưỡng Môi,69000.0,True,3,6,7,Son Dưỡng Môi Vaseline Therapy | Son Dưỡng LipIce Hiệu Chỉnh Sắ | Sáp Dưỡng Môi Ngọt Ngào Vaseli,Sáp Dưỡng Môi Vaseline Mềm Mịn | Sáp Dưỡng Môi Ngọt Ngào Vaseli | Combo Sáp Dưỡng Môi Vaseline H
P_235,"Tinh Chất Dưỡng Môi Torriden Căng Mọng, Cấp Ẩm 11ml",Sức Khỏe - Làm Đẹp -> Chăm Sóc Da Mặt -> Dưỡng Môi -> Son Dưỡng Môi,89000.0,True,3,6,7,Son Dưỡng Lip Pure Có Màu Cher | Son Dưỡng Lip Pure Có Màu Rasp | Son Dưỡng Lip Pure Có Màu Berg,Son Dưỡng Môi Mentholatum Melt | Son Dưỡng Môi Mentholatum Melt | Combo 2 Tinh Chất Dưỡng Môi To
P_309,Dưỡng Môi Đa Năng Pure Paw Paw Chiết Xuất Đu Đủ 25g,Sức Khỏe - Làm Đẹp -> Chăm Sóc Da Mặt -> Dưỡng Môi -> Son Dưỡng Môi,78000.0,True,3,6,7,Son Dưỡng Có Màu Vaseline Hồng | Son Dưỡng Có Màu Vaseline Hồng | Son Dưỡng Có Màu Vaseline Đỏ T,Dưỡng Môi Đa Năng Pure Paw Paw | Dưỡng Môi Đa Năng Pure Paw Paw | Sáp Dưỡng Môi Vaseline Hồng Xi
P_412,Son Dưỡng Laneige Căng Bóng Hương Quả Mọng 10g,Sức Khỏe - Làm Đẹp -> Chăm Sóc Da Mặt -> Dưỡng Môi -> Son Dưỡng Môi,292000.0,True,3,6,7,Son Dưỡng Laneige Căng Bóng Hư | Son Dưỡng La Roche-Posay Phục  | Combo 5 Son Dưỡng LipIce (Hươn,Son Dưỡng Laneige Căng Bóng Hư | Son Dưỡng Laneige Căng Bóng Hư | Son Dưỡng Laneige Căng Bóng Hư
P_468,Son Dưỡng Cocoon Dầu Dừa Bến Tre 5g,Sức Khỏe - Làm Đẹp -> Chăm Sóc Da Mặt -> Dưỡng Môi -> Son Dưỡng Môi,20000.0,True,3,6,7,Lipgloss Dưỡng Môi Milaganics  | Combo 2 Son Dưỡng Cocoon Dầu D | Son Dưỡng Môi Milaganics Dừa D,Combo 2 Son Dưỡng Cocoon Dầu D | Lipgloss Dưỡng Môi Milaganics  | Son Dưỡng Môi Milaganics Dừa D
P_4,Nước Hoa Hồng Klairs Không Mùi Cho Da Nhạy Cảm 180ml,Sức Khỏe - Làm Đẹp -> Chăm Sóc Da Mặt -> Làm Sạch Da -> Toner / Nước Cân Bằng Da,201000.0,True,0,1,5,[Mini] Combo 2 Nước Hoa Hồng K | Nước Hoa Hồng Evoluderm Dành C | Toner The Lab Dưỡng Ẩm Chuyên ,[Mini] Nước Hoa Hồng Klairs Kh | Toner The Lab Dưỡng Ẩm Chuyên  | Nước Hoa Hồng Klairs Dành Cho 
P_109,Nước Hoa Hồng Caryophy Ngừa Mụn Kiềm Dầu Giảm Thâm 300ml,Sức Khỏe - Làm Đẹp -> Chăm Sóc Da Mặt -> Làm Sạch Da -> Toner / Nước Cân Bằng Da,298000.0,True,0,1,5,Toner SVR Sebiaclear Dành Cho  | Nước Dưỡng Da Naris Acmedica D | Nước Hoa Hồng Swiss Image Cho ,Toner B.O.M Sáng Da Ngừa Mụn 1 | Nước Hoa Hồng Some By Mi AHA-B | Nước Hoa Hồng Cosrx Tẩy Tế Bào
P_141,"Toner d'Alba Cải Thiện Lỗ Chân Lông, Dưỡng Ẩm Da 180ml",Sức Khỏe - Làm Đẹp -> Chăm Sóc Da Mặt -> Làm Sạch Da -> Toner / Nước Cân Bằng Da,421000.0,True,0,1,5,Toner B.O.M Hyaluronic Acid Dư | Toner The Lab Cấp Ẩm Chuyên Sâ | Toner Ma:nyo Chứa Tinh Chất Dư,Toner B.O.M Hyaluronic Acid Dư | Toner The Lab Cấp Ẩm Chuyên Sâ | Toner Ma:nyo Chứa Tinh Chất Dư
P_171,Nước Hoa Hồng Obagi 2% BHA Giảm Nhờn Mụn 148ml,Sức Khỏe - Làm Đẹp -> Chăm Sóc Da Mặt -> Làm Sạch Da -> Toner / Nước Cân Bằng Da,895000.0,True,0,1,5,Nước Cân Bằng d program Dành C | Dung Dịch Cân Bằng Da Bioderma | Toner Eucerin Dành Cho Da Nhờn,Nước Cân Bằng d program Dành C | Toner Eucerin Dành Cho Da Nhờn | Dung Dịch Cân Bằng Da Bioderma
P_203,Nước Cân Bằng Cocoon Sen Hậu Giang Làm Dịu Da Nhạy Cảm 310ml,Sức Khỏe - Làm Đẹp -> Chăm Sóc Da Mặt -> Làm Sạch Da -> Toner / Nước Cân Bằng Da,179000.0,True,0,1,5,Nước Cân Bằng Cocoon Sen Hậu G | Combo 2 Nước Hoa Hồng Simple L | Nước Hoa Hồng Klairs Dành Cho ,Nước Cân Bằng Cocoon Sen Hậu G | Nước Cân Bằng Cocoon Sen Hậu G | Combo 2 Nước Cân Bằng Cocoon S
P_240,Nước Hoa Hồng Simple Làm Dịu Da & Cấp Ẩm 200ml,Sức Khỏe - Làm Đẹp -> Chăm Sóc Da Mặt -> Làm Sạch Da -> Toner / Nước Cân Bằng Da,108000.0,True,0,7,5,Nước Cân Bằng Cocoon Sen Hậu G | Nước Cân Bằng Cocoon Sen Hậu G | Combo 2 Nước Hoa Hồng Simple L,Combo 2 Nước Hoa Hồng Simple L | Nước Cân Bằng Cocoon Sen Hậu G | Nước Cân Bằng Cocoon Sen Hậu G
P_98,"Kem Dưỡng Obagi Retinol 1.0% Trẻ Hóa Da, Ngừa Mụn 28g",Sức Khỏe - Làm Đẹp -> Chăm Sóc Da Mặt -> Đặc Trị -> Hỗ Trợ Trị Mụn,1462000.0,True,1,0,0,"Kem Dưỡng Obagi Retinol 0.5% T | Kem Dưỡng MartiDerm Tái Tạo Ba | Kem Dưỡng MartiDerm Giảm Nhờn,","Kem Dưỡng Obagi Retinol 0.5% T | Kem Dưỡng MartiDerm Tái Tạo Ba | Kem Dưỡng MartiDerm Giảm Nhờn,"
P_100,Kem Dưỡng La Roche-Posay Giảm Mụn Hiệu Quả 40ml,Sức Khỏe - Làm Đẹp -> Chăm Sóc Da Mặt -> Đặc Trị -> Hỗ Trợ Trị Mụn,389000.0,True,1,0,0,Combo 2 Gel Dưỡng Megaduo Plus | Kem Dưỡng Bioderma Giảm Mụn &  | Gel Chấm Mụn Naris Cosmetics A,"Kem Dưỡng Vichy Giảm Mụn, Phục | Combo Vichy Giúp Giảm Dầu Mụn, | Gel Dưỡng SVR Giảm Mụn & Loại "
P_112,"Gel Dưỡng Megaduo Plus Giảm Mụn, Mờ Thâm 15g",Sức Khỏe - Làm Đẹp -> Chăm Sóc Da Mặt -> Đặc Trị -> Hỗ Trợ Trị Mụn,128000.0,True,1,0,1,"Gel Dưỡng Megaduo Giảm Mụn, Mờ | Kem Dưỡng Acnes Giảm Mụn Chuyê | Gel Chấm Mụn The Cafuné Mờ Thâ","Gel Dưỡng Megaduo Giảm Mụn, Mờ | Gel Dưỡng Azderma Hỗ Trợ Giảm  | Gel Giảm Mụn Alcom Derma Forte"
P_186,Miếng Dán Mụn Some By Mi 18 Miếng,Sức Khỏe - Làm Đẹp -> Chăm Sóc Da Mặt -> Đặc Trị -> Hỗ Trợ Trị Mụn,60000.0,True,1,7,1,Gel Chấm Mụn Oxy Hỗ Trợ Sạch M | Combo 4 Miếng Dán Ciracle Hỗ T | Miếng Dán Mụn Derma Angel Mờ T,Gel Chấm Mụn Oxy Hỗ Trợ Sạch M | Miếng Dán Mụn Derma Angel Vui  | Miếng Dán Mụn Derma Angel Vui 
P_201,"Gel Dưỡng Megaduo Giảm Mụn, Mờ Thâm 15g",Sức Khỏe - Làm Đẹp -> Chăm Sóc Da Mặt -> Đặc Trị -> Hỗ Trợ Trị Mụn,125000.0,True,1,0,1,Gel Dưỡng Megaduo Plus Giảm Mụ | Combo Miếng Dán Mụn Acnes Giúp | Kem Dưỡng Acnes Giảm Mụn Chuyê,Gel Dưỡng Megaduo Plus Giảm Mụ | Gel Dưỡng Azderma Hỗ Trợ Giảm  | Gel Giảm Mụn Alcom Derma Forte
P_283,Chấm Mụn Neogen Dermalogy Hỗ Trợ Giảm Sưng Viêm 15ml,Sức Khỏe - Làm Đẹp -> Chăm Sóc Da Mặt -> Đặc Trị -> Hỗ Trợ Trị Mụn,259000.0,True,1,0,0,"Dung Dịch Jumiso Làm Mềm Mụn Đ | Kem Dưỡng Some By Mi Hỗ Trợ Gi | Gel Giảm Mụn Cerave Mờ Thâm, T",Kem Dưỡng Some By Mi Hỗ Trợ Gi | Dung Dịch Jumiso Làm Mềm Mụn Đ | Gel Dưỡng Azderma Hỗ Trợ Giảm 
P_231,Dung Dịch Hada Labo Gokujyun Dưỡng Ẩm Da Tối Ưu 170ml,Sức Khỏe - Làm Đẹp -> Chăm Sóc Da Mặt -> Dưỡng Ẩm -> Lotion / Sữa Dưỡng,212000.0,True,4,5,2,Dung Dịch Melano CC Dưỡng Sáng | Dung Dịch Hada Labo Dưỡng Sáng | [Mini] Nước Cân Bằng Elixir Hỗ,Dung Dịch Hada Labo Dưỡng Sáng | Dung Dịch Hada Labo Dưỡng Sáng | Dung Dịch Hada Labo Dưỡng Da N
P_426,Sữa Dưỡng Ẩm Ban Đêm CeraVe Dành Cho Da Mặt 52ml,Sức Khỏe - Làm Đẹp -> Chăm Sóc Da Mặt -> Dưỡng Ẩm -> Lotion / Sữa Dưỡng,297000.0,True,4,5,2,Sữa Dưỡng Ẩm CeraVe Cho Da Thư | Combo Dung Dịch Hada Labo Dưỡn | Nước Dưỡng Shimbi Method Cấp Ẩ,Sữa Dưỡng Ẩm CeraVe Cho Da Thư | Combo Sữa Dưỡng Ẩm CeraVe Cho  | [Mini] Combo 10 Sữa Dưỡng Ẩm C
P_826,"Dung Dịch Hada Labo Dưỡng Ẩm Tối Ưu Da Thường, Khô 170ml",Sức Khỏe - Làm Đẹp -> Chăm Sóc Da Mặt -> Dưỡng Ẩm -> Lotion / Sữa Dưỡng,150000.0,True,4,5,2,Lotion Hatomugi Ý Dĩ Dưỡng Ẩm  | Túi Refill Dung Dịch Hada Labo | Nước Dưỡng Da Naris Alodew Cun,Túi Refill Dung Dịch Hada Labo | Dung Dịch Hada Labo Dưỡng Ẩm T | Combo Dung Dịch Hada Labo Dưỡn
P_918,Sữa Dưỡng Ẩm CeraVe Cho Da Thường Đến Khô 236ml,Sức Khỏe - Làm Đẹp -> Chăm Sóc Da Mặt -> Dưỡng Ẩm -> Lotion / Sữa Dưỡng,306000.0,True,4,5,2,Sữa Dưỡng Ẩm Ban Đêm CeraVe Dà | Combo Dung Dịch Hada Labo Dưỡn | Combo Sữa Dưỡng Ẩm CeraVe Cho ,Combo Sữa Dưỡng Ẩm CeraVe Cho  | [Mini] Combo 10 Sữa Dưỡng Ẩm C | Sữa Dưỡng Ẩm CeraVe Cho Da Thư
P_928,Lotion Hatomugi Dưỡng Ẩm Và Làm Sáng Da 500ml,Sức Khỏe - Làm Đẹp -> Chăm Sóc Da Mặt -> Dưỡng Ẩm -> Lotion / Sữa Dưỡng,94000.0,True,4,5,2,"Nước Dưỡng Da Senka Sáng Hồng, | Dung Dịch Hada Labo Dưỡng Sáng | [Mini] Nước Cân Bằng Elixir Hỗ","Dung Dịch Melano CC Dưỡng Sáng | Nước Dưỡng Da Senka Sáng Hồng, | Dung Dịch Hada Labo Dưỡng Sáng"
P_1272,Dung Dịch Hada Labo Dưỡng Ẩm Tối Ưu Cho Da Dầu 170ml,Sức Khỏe - Làm Đẹp -> Chăm Sóc Da Mặt -> Dưỡng Ẩm -> Lotion / Sữa Dưỡng,150000.0,True,4,5,2,Túi Refill Dung Dịch Hada Labo | [Mini] Nước Cân Bằng Elixir Ng | Dung Dịch Hada Labo Dưỡng Ẩm T,Túi Refill Dung Dịch Hada Labo | Dung Dịch Hada Labo Dưỡng Ẩm T | Combo Dung Dịch Hada Labo Dưỡn
P_72,Combo 2 Mặt Nạ Nghệ Hưng Yên Cocoon Dưỡng Da Mịn Màng 30ml,Sức Khỏe - Làm Đẹp -> Chăm Sóc Da Mặt -> Mặt Nạ -> Mặt Nạ Rửa,149000.0,True,7,2,0,Mặt Nạ Evoluderm Chiết Xuất Dư | Combo 2 Mặt Nạ Tẩy Tế Bào Chết | Combo Mặt Nạ Nghệ Hưng Yên Giú,Combo Mặt Nạ Nghệ Hưng Yên Giú | Mặt Nạ Nghệ Hưng Yên Cocoon Gi | Mặt Nạ Nghệ Hưng Yên Cocoon Gi
P_184,Mặt Nạ Beplain Đất Sét Từ Đậu Xanh Hỗ Trợ Sạch Sâu 120ml,Sức Khỏe - Làm Đẹp -> Chăm Sóc Da Mặt -> Mặt Nạ -> Mặt Nạ Rửa,268000.0,True,7,2,0,Mặt Nạ Đất Sét Aperire Quả Mọn | Mặt Nạ Đất Sét Aperire Băng Lạ | Mặt Nạ Nghệ Hưng Yên Cocoon Gi,Mặt Nạ Nghệ Hưng Yên Cocoon Gi | Combo Mặt Nạ Nghệ Hưng Yên Giú | Mặt Nạ Đất Sét Aperire Quả Mọn
P_202,Mặt Nạ Nghệ Hưng Yên Cocoon Giúp Da Rạng Rỡ Mịn Màng 30ml,Sức Khỏe - Làm Đẹp -> Chăm Sóc Da Mặt -> Mặt Nạ -> Mặt Nạ Rửa,102000.0,True,7,2,0,[Mini] Mặt Nạ Beplain Đất Sét  | Mặt Nạ Đất Sét Compliment AHAs | Combo 2 Mặt Nạ Nghệ Hưng Yên C,Combo 2 Mặt Nạ Nghệ Hưng Yên C | Combo Mặt Nạ Nghệ Hưng Yên Giú | [Mini] Mặt Nạ Beplain Đất Sét 
P_287,Mặt Nạ Đất Sét Aperire Băng Lạnh Thu Nhỏ Lỗ Chân Lông 120g,Sức Khỏe - Làm Đẹp -> Chăm Sóc Da Mặt -> Mặt Nạ -> Mặt Nạ Rửa,298000.0,True,7,2,0,Mặt Nạ Đất Sét Aperire Quả Mọn | Mặt Nạ Beplain Đất Sét Từ Đậu  | Mặt Nạ Nghệ Hưng Yên Cocoon Gi,Mặt Nạ Đất Sét Aperire Quả Mọn | Mặt Nạ Beplain Đất Sét Từ Đậu  | Mặt Nạ Some By Mi Đất Sét Trà 
P_367,Mặt Nạ innisfree Chăm Sóc Lỗ Chân Lông 100ml (Mới),Sức Khỏe - Làm Đẹp -> Chăm Sóc Da Mặt -> Mặt Nạ -> Mặt Nạ Rửa,219000.0,True,7,2,0,Mặt Nạ Đất Sét Derladie Hút Dầ | Mặt Nạ Đất Sét Skintific Ngải  | Thanh Lăn Mặt Nạ Đất Sét Skint,Combo 2 Mặt Nạ innisfree Chăm  | Mặt Nạ Colorkey Đất Sét Bùn Kh | Mặt Nạ Bùn Colorkey Trà Xanh C
P_535,Mặt Nạ Some By Mi Đất Sét Trà Xanh Thu Nhỏ Lỗ Chân Lông 100g,Sức Khỏe - Làm Đẹp -> Chăm Sóc Da Mặt -> Mặt Nạ -> Mặt Nạ Rửa,232000.0,True,7,2,0,Mặt Nạ Nghệ Hưng Yên Cocoon Gi | Combo Cocoon Mặt Nạ Nghệ Hưng  | Mặt Nạ Beplain Đất Sét Từ Đậu ,Mặt Nạ Đất Sét Aperire Băng Lạ | Mặt Nạ Đất Sét Aperire Quả Mọn | Mặt Nạ Beplain Đất Sét Từ Đậu 
P_138,Xịt Khoáng Evoluderm Cấp Nước & Làm Dịu Da 400ml,Sức Khỏe - Làm Đẹp -> Chăm Sóc Da Mặt -> Dưỡng Ẩm -> Xịt Khoáng,133000.0,True,4,5,2,Xịt Khoáng Evian Cấp Ẩm Và Làm | Xịt Khoáng Cocoon Nghệ Hưng Yê | Combo Nước Xịt Khoáng Bio-esse,Combo Nước Xịt Khoáng Bio-esse | Nước Xịt Khoáng Bio-essence Dư | Xịt Khoáng Evoluderm Cấp Nước 
P_167,"Xịt Khoáng Avène Cấp Nước, Làm Dịu & Giảm Kích Ứng 300ml",Sức Khỏe - Làm Đẹp -> Chăm Sóc Da Mặt -> Dưỡng Ẩm -> Xịt Khoáng,288000.0,True,4,5,2,"Xịt Khoáng Vichy Làm Dịu, Củng | Xịt Khoáng Avène Cấp Nước, Làm | Xịt Dưỡng Ẩm Eucerin Cho Da Nh","Xịt Khoáng Avène Cấp Nước, Làm | Xịt Khoáng Avène Cấp Nước, Làm | Xịt Dưỡng Ẩm Freeplus Dịu Nhẹ "
P_385,Nước Xịt Khoáng Bio-essence Dưỡng Da Ẩm Mượt Mịn Màng 300ml,Sức Khỏe - Làm Đẹp -> Chăm Sóc Da Mặt -> Dưỡng Ẩm -> Xịt Khoáng,198000.0,True,4,5,2,Xịt Khoáng JONZAC Cung Cấp Nướ | Xịt Khoáng Evian Cấp Ẩm Và Làm | Combo Xịt Khoáng Evoluderm Cấp,Combo Xịt Khoáng Evoluderm Cấp | Combo Nước Xịt Khoáng Bio-esse | Xịt Khoáng Evoluderm Cấp Nước 
P_562,Xịt Khoáng Evoluderm Cấp Nước & Làm Dịu Da 150ml,Sức Khỏe - Làm Đẹp -> Chăm Sóc Da Mặt -> Dưỡng Ẩm -> Xịt Khoáng,96000.0,True,4,5,2,Nước Xịt Khoáng Bio-essence Dư | Xịt Khoáng Skinpres.T Phục Hồi | Xịt Khoáng Dr Her Paris Làm Dị,Nước Xịt Khoáng Bio-essence Dư | Xịt Khoáng Dr Her Paris Làm Dị | Xịt Khoáng Evoluderm Cấp Nước 
P_646,Xịt Khoáng La Roche-Posay Làm Dịu Và Bảo Vệ Da 300g,Sức Khỏe - Làm Đẹp -> Chăm Sóc Da Mặt -> Dưỡng Ẩm -> Xịt Khoáng,432000.0,False,4,5,2,"Combo 2 Xịt Khoáng JONZAC Cung | Xịt Khoáng So'Natural Cấp Ấm D | Xịt Khoáng Vichy Làm Dịu, Củng","Combo 2 Xịt Khoáng JONZAC Cung | Xịt Khoáng Vichy Làm Dịu, Củng | Xịt Khoáng Naris LIDEE 60ml"
P_659,Combo 2 Xịt Khoáng Evoluderm Cấp Nước & Làm Dịu Da 400ml,Sức Khỏe - Làm Đẹp -> Chăm Sóc Da Mặt -> Dưỡng Ẩm -> Xịt Khoáng,298000.0,True,4,5,2,Xịt Khoáng Evian Cấp Ẩm Và Làm | Xịt Khoáng La Roche-Posay Làm  | Combo 2 Xịt Khoáng Cocoon Nghệ,Combo Xịt Khoáng Evoluderm Cấp | Combo 2 Nước Xịt Khoáng Bio-es | Nước Xịt Khoáng Bio-essence Dư
P_70,Dung Dịch Tẩy Da Chết Paula’s Choice 2% BHA 30ml,Sức Khỏe - Làm Đẹp -> Chăm Sóc Da Mặt -> Làm Sạch Da -> Tẩy Tế Bào Chết Da Mặt,264000.0,True,6,1,5,Tẩy Tế Bào Chết Eucerin Dành C | Gel Tẩy Tế Bào Chết Caryophy N | Gel Tẩy Tế Bào Chết Naruko Chi,Combo 2 Dung Dịch Tẩy Da Chết  | Dung Dịch Tẩy Da Chết Paula’s  | Combo Dung Dịch Tẩy Da Chết Pa
P_115,Tẩy Tế Bào Chết Rosette Thu Nhỏ Lỗ Chân Lông 180g,Sức Khỏe - Làm Đẹp -> Chăm Sóc Da Mặt -> Làm Sạch Da -> Tẩy Tế Bào Chết Da Mặt,117000.0,True,6,7,1,Tẩy Da Chết Mặt Cocoon Cà Phê  | Tẩy Tế Bào Chết Rosette Thu Nh | Tẩy Tế Bào Chết Rosette Hỗ Trợ,Tẩy Tế Bào Chết Rosette Thu Nh | Tẩy Tế Bào Chết Rosette Hỗ Trợ | Tẩy Tế Bào Chết Rosette Hỗ Trợ
P_134,Tẩy Da Chết Mặt Cocoon Cà Phê Đắk Lắk 150ml,Sức Khỏe - Làm Đẹp -> Chăm Sóc Da Mặt -> Làm Sạch Da -> Tẩy Tế Bào Chết Da Mặt,115000.0,True,6,7,1,Tẩy Tế Bào Chết Rosette Thu Nh | Tẩy Tế Bào Chết Rosette Hỗ Trợ | Tẩy Tế Bào Chết Rosette Thu Nh,Combo 2 Tẩy Da Chết Mặt Cocoon | Combo Cocoon Tẩy Da Chết Mặt C | Tẩy Tế Bào Chết Evoluderm Mềm 
P_172,Gel Tẩy Tế Bào Chết Caryophy Ngăn Ngừa Mụn 250ml,Sức Khỏe - Làm Đẹp -> Chăm Sóc Da Mặt -> Làm Sạch Da -> Tẩy Tế Bào Chết Da Mặt,225000.0,True,6,1,5,Gel Tẩy Tế Bào Chết Naruko Chi | Dung Dịch Tẩy Da Chết Paula’s  | Tẩy Tế Bào Chết Eucerin Dành C,Gel Tẩy Tế Bào Chết Naruko Chi | Gel Tẩy Tế Bào Chết innisfree  | Dung Dịch Tẩy Da Chết DrCeutic
P_224,Combo 2 Dung Dịch Tẩy Da Chết Paula’s Choice 2% BHA 118ml,Sức Khỏe - Làm Đẹp -> Chăm Sóc Da Mặt -> Làm Sạch Da -> Tẩy Tế Bào Chết Da Mặt,1320000.0,True,6,1,5,Combo Dung Dịch Tẩy Da Chết Pa | Dung Dịch Tẩy Da Chết Paula’s  | Combo 2 Dung Dịch Tẩy Da Chết ,Combo Dung Dịch Tẩy Da Chết Pa | Dung Dịch Tẩy Da Chết Paula’s  | Combo 2 Dung Dịch Tẩy Da Chết 
P_298,Combo 2 Tẩy Da Chết Mặt Cocoon Cà Phê Đắk Lắk 150ml,Sức Khỏe - Làm Đẹp -> Chăm Sóc Da Mặt -> Làm Sạch Da -> Tẩy Tế Bào Chết Da Mặt,255000.0,True,6,1,5,Mặt Nạ Tẩy Tế Bào Chết innisfr | Gel Tẩy Tế Bào Chết Meishoku D | Combo 2 Tẩy Tế Bào Chết Rosett,Tẩy Da Chết Mặt Cocoon Cà Phê  | Combo Cocoon Tẩy Da Chết Mặt C | Combo 2 Tẩy Tế Bào Chết Rosett
P_476,Combo 4 Mặt Nạ Ngủ Laneige Cung Cấp Nước 15ml,Sức Khỏe - Làm Đẹp -> Chăm Sóc Da Mặt -> Mặt Nạ -> Mặt Nạ Ngủ,229000.0,True,7,2,0,Mặt Nạ Ngủ Laneige Tăng Khả Nă | Kem Dưỡng Senka Cấp Ẩm Dạng Ge | Mặt Nạ Ngủ Garnier Tinh Chất S,Mặt Nạ Ngủ Laneige Tăng Khả Nă | Combo 2 Mặt Nạ Ngủ Laneige Cun | Mặt Nạ Ngủ Laneige Dưỡng Ẩm & 
P_536,Kem Dưỡng Senka Cấp Ẩm Dạng Gel 50g,Sức Khỏe - Làm Đẹp -> Chăm Sóc Da Mặt -> Mặt Nạ -> Mặt Nạ Ngủ,169000.0,True,7,2,0,Mặt Nạ Ngủ Garnier Tinh Chất S | Combo 4 Mặt Nạ Ngủ Laneige Cun | Combo 2 Mặt Nạ Ngủ Laneige Cun,Combo 4 Mặt Nạ Ngủ Laneige Cun | Combo 2 Mặt Nạ Ngủ Laneige Cun | Mặt Nạ Ngủ Garnier Tinh Chất S
P_786,Mặt Nạ Ngủ Garnier Tinh Chất Sữa Chua Sáng Da Ban Đêm 50ml,Sức Khỏe - Làm Đẹp -> Chăm Sóc Da Mặt -> Mặt Nạ -> Mặt Nạ Ngủ,162000.0,True,7,2,0,Kem Dưỡng Senka Cấp Ẩm Dạng Ge | Combo 2 Mặt Nạ Ngủ Laneige Cun | Combo 4 Mặt Nạ Ngủ Laneige Cun,Combo 2 Mặt Nạ Ngủ Laneige Cun | Combo 4 Mặt Nạ Ngủ Laneige Cun | Mặt Nạ Ngủ Laneige Tăng Khả Nă
P_827,[Mini] Mặt Nạ Ngủ Laneige Cung Cấp Nước 15ml,Sức Khỏe - Làm Đẹp -> Chăm Sóc Da Mặt -> Mặt Nạ -> Mặt Nạ Ngủ,59000.0,True,7,2,4,"Mặt Nạ Ngủ Care:Nel Cấp Nước,  | Mặt Nạ Ngủ Skinoxy Dưỡng Ẩm Và | Mặt Nạ Ngủ Skinoxy Giảm Nếp Nh","Mặt Nạ Ngủ Care:Nel Cấp Nước,  | Combo 2 Mặt Nạ Ngủ Laneige Cun | Mặt Nạ Ngủ Skinoxy Dưỡng Ẩm Và"
P_997,Mặt Nạ Ngủ Laneige Dưỡng Ẩm & Tăng Khả Năng Tự Vệ Da 70ml,Sức Khỏe - Làm Đẹp -> Chăm Sóc Da Mặt -> Mặt Nạ -> Mặt Nạ Ngủ,564000.0,True,7,2,0,"Mặt Nạ Ngủ Klairs Dưỡng Sáng D | Mặt Nạ Ngủ B.O.M Sáng Da, Hỗ T | Mặt Nạ Ngủ Elixir Phục Hồi Độ ",Mặt Nạ Ngủ Laneige Tăng Khả Nă | Combo 4 Mặt Nạ Ngủ Laneige Cun | Mặt Nạ Ngủ Klairs Dưỡng Sáng D
P_1798,Mặt Nạ Ngủ Laneige Tăng Khả Năng Tự Vệ Của Da 25ml (Mới),Sức Khỏe - Làm Đẹp -> Chăm Sóc Da Mặt -> Mặt Nạ -> Mặt Nạ Ngủ,279000.0,True,7,2,0,Combo 4 Mặt Nạ Ngủ Laneige Cun | Mặt Nạ Ngủ Laneige Tăng Cường  | Kem Dưỡng Senka Cấp Ẩm Dạng Ge,Combo 4 Mặt Nạ Ngủ Laneige Cun | Mặt Nạ Ngủ Laneige Dưỡng Ẩm &  | Combo 2 Mặt Nạ Ngủ Laneige Cun
P_234,"Kem Dưỡng Mắt Sur.Medic+ Giảm Nếp Nhăn, Ngăn Lão Hóa 35ml",Sức Khỏe - Làm Đẹp -> Chăm Sóc Da Mặt -> Dưỡng Mắt -> Serum / Kem Dưỡng Mắt,379000.0,True,0,1,0,Gel Dưỡng Mắt Bioderma 3 Tác Đ | Kem Mắt Some By Mi Retinol Ngừ | Serum Dưỡng Mắt Axis-Y Thuần C,Kem Mắt Some By Mi Retinol Ngừ | Serum Dưỡng Mắt Axis-Y Thuần C | Kem Dưỡng Mắt Torriden Săn Chắ
P_382,Kem Mắt Some By Mi Retinol Ngừa Lão Hóa 30ml,Sức Khỏe - Làm Đẹp -> Chăm Sóc Da Mặt -> Dưỡng Mắt -> Serum / Kem Dưỡng Mắt,328000.0,True,0,1,0,"Kem Dưỡng Mắt B.O.M Cấp Ẩm, Hỗ | Kem Dưỡng Mắt Torriden Săn Chắ | Gel Dưỡng Mắt Naris Cosmetics ",Kem Dưỡng Mắt Sur.Medic+ Giảm  | Serum Dưỡng Mắt Axis-Y Thuần C | Kem Dưỡng Mắt Torriden Săn Chắ
P_552,"Kem Dưỡng Mắt Meishoku Ngừa Lão Hóa, Giảm Quầng Thâm 30g",Sức Khỏe - Làm Đẹp -> Chăm Sóc Da Mặt -> Dưỡng Mắt -> Serum / Kem Dưỡng Mắt,250000.0,True,0,1,0,Kem Mắt Neutrogena Retinol Ngừ | Tinh Chất Dưỡng Mi DHC Eyelash | Kem Dưỡng Mắt Naris Cosmetics ,"Tinh Chất Dưỡng Mi DHC Eyelash | Serum Dưỡng Mắt Axis-Y Thuần C | Kem Dưỡng Mắt B.O.M Cấp Ẩm, Hỗ"
P_594,Tinh Chất Dưỡng Mi DHC Eyelash Tonic 6.5ml,Sức Khỏe - Làm Đẹp -> Chăm Sóc Da Mặt -> Dưỡng Mắt -> Serum / Kem Dưỡng Mắt,285000.0,True,0,1,0,Kem Dưỡng Mắt Naris Cosmetics  | Gel Dưỡng Mắt Naris Cosmetics  | Kem Dưỡng Mắt Torriden Săn Chắ,Kem Dưỡng Mắt Naris Cosmetics  | Gel Dưỡng Mắt Naris Cosmetics  | Kem Dưỡng Mắt Torriden Săn Chắ
P_917,Kem Dưỡng Mắt Kumargic Giảm Quầng Thâm & Bọng Mắt (Mới) 20g,Sức Khỏe - Làm Đẹp -> Chăm Sóc Da Mặt -> Dưỡng Mắt -> Serum / Kem Dưỡng Mắt,130000.0,True,0,7,1,Kem Dưỡng Mắt Hada Labo Cấp Ẩm | Kem Mắt Neutrogena Retinol Ngừ | Kem Dưỡng Mắt Meishoku Ngừa Lã,Kem Dưỡng Mắt Naris Cosmetics  | Kem Dưỡng Mắt Hada Labo Cấp Ẩm | Kem Mắt Neutrogena Retinol Ngừ
P_1108,Gel Dưỡng Mắt Naris Cosmetics Ngừa Thâm & Nếp Nhăn 20g,Sức Khỏe - Làm Đẹp -> Chăm Sóc Da Mặt -> Dưỡng Mắt -> Serum / Kem Dưỡng Mắt,302000.0,True,0,1,0,"Kem Dưỡng Mắt Torriden Săn Chắ | Kem Dưỡng Mắt B.O.M Cấp Ẩm, Hỗ | Kem Dưỡng Mắt Naris Cosmetics ",Tinh Chất Dưỡng Mi DHC Eyelash | Kem Mắt Some By Mi Retinol Ngừ | Kem Dưỡng Mắt Sur.Medic+ Giảm 
P_129,[Mini] Mặt Nạ Ngủ Môi Laneige Hương Quả Mọng 3g,Sức Khỏe - Làm Đẹp -> Chăm Sóc Da Mặt -> Dưỡng Môi -> Mặt Nạ Môi,59000.0,True,3,6,7,Mặt Nạ Ngủ Môi Care:Nel Chiết  | Mặt Nạ Ngủ Môi Care:Nel Chiết  | Mặt Nạ Ngủ Môi Care:Nel Chiết ,[Mini] Combo 2 Mặt Nạ Ngủ Môi  | Mặt Nạ Ngủ Môi Care:Nel Chiết  | Mặt Nạ Ngủ Môi Care:Nel Chiết 
P_196,[Mini] Mặt Nạ Ngủ Môi Laneige Hương Quả Mọng 8g,Sức Khỏe - Làm Đẹp -> Chăm Sóc Da Mặt -> Dưỡng Môi -> Mặt Nạ Môi,187000.0,True,3,6,7,[Mini] Combo 3 Mặt Nạ Ngủ Môi  | Mặt Nạ Ngủ Môi Care:Nel Chiết  | [Mini] Combo 2 Mặt Nạ Ngủ Môi ,[Mini] Combo 3 Mặt Nạ Ngủ Môi  | [Mini] Combo 2 Mặt Nạ Ngủ Môi  | Mặt Nạ Ngủ Môi Laneige Hương Q
P_198,Mặt Nạ Ngủ Môi Laneige Hương Quả Mọng 20g,Sức Khỏe - Làm Đẹp -> Chăm Sóc Da Mặt -> Dưỡng Môi -> Mặt Nạ Môi,377000.0,True,3,6,7,[Mini] Mặt Nạ Ngủ Môi Laneige  | [Mini] Combo 3 Mặt Nạ Ngủ Môi  | Mặt Nạ Ngủ Môi Care:Nel Chiết ,[Mini] Mặt Nạ Ngủ Môi Laneige  | [Mini] Combo 3 Mặt Nạ Ngủ Môi  | [Mini] Combo 2 Mặt Nạ Ngủ Môi 
P_368,[Mini] Combo 2 Mặt Nạ Ngủ Môi Laneige Hương Quả Mọng 3g,Sức Khỏe - Làm Đẹp -> Chăm Sóc Da Mặt -> Dưỡng Môi -> Mặt Nạ Môi,115000.0,True,3,6,7,Mặt Nạ Ngủ Môi Care:Nel Chiết  | [Mini] Combo 3 Mặt Nạ Ngủ Môi  | [Mini] Mặt Nạ Ngủ Môi Laneige ,[Mini] Combo 3 Mặt Nạ Ngủ Môi  | [Mini] Mặt Nạ Ngủ Môi Laneige  | [Mini] Mặt Nạ Ngủ Môi Laneige 
P_569,Mặt Nạ Ngủ Môi Care:Nel Chiết Xuất Quả Lựu 5g,Sức Khỏe - Làm Đẹp -> Chăm Sóc Da Mặt -> Dưỡng Môi -> Mặt Nạ Môi,41000.0,True,3,6,7,Mặt Nạ Ngủ Môi Care:Nel Chiết  | Mặt Nạ Môi Baby Bright Chiết X | Mặt Nạ Ngủ Môi Care:Nel Chiết ,Mặt Nạ Ngủ Môi Care:Nel Chiết  | Mặt Nạ Ngủ Môi Care:Nel Chiết  | [Mini] Mặt Nạ Ngủ Môi Laneige 
P_1025,[Mini] Combo 3 Mặt Nạ Ngủ Môi Laneige Hương Quả Mọng 3g,Sức Khỏe - Làm Đẹp -> Chăm Sóc Da Mặt -> Dưỡng Môi -> Mặt Nạ Môi,175000.0,True,3,6,7,[Mini] Mặt Nạ Ngủ Môi Laneige  | Mặt Nạ Ngủ Môi Care:Nel Chiết  | [Mini] Combo 2 Mặt Nạ Ngủ Môi ,[Mini] Mặt Nạ Ngủ Môi Laneige  | [Mini] Combo 2 Mặt Nạ Ngủ Môi  | Mặt Nạ Ngủ Môi Laneige Hương Q
P_578,"Mặt Nạ Mắt JMsolution Mật Ong Mờ Quầng Thâm, Nếp Nhăn 90g",Sức Khỏe - Làm Đẹp -> Chăm Sóc Da Mặt -> Dưỡng Mắt -> Mặt Nạ Mắt,149000.0,True,0,7,0,Mặt Nạ Mắt JMsolution Ngọc Tra | Mặt Nạ Mắt Lanbena Retinol Ngừ | Mặt Nạ Mắt Lanbena Vitamin C D,Mặt Nạ Mắt JMsolution Ngọc Tra | Mặt Nạ Mắt Lanbena Retinol Ngừ | Mặt Nạ Mắt Lanbena Vitamin C D
P_718,"Mặt Nạ Mắt JMsolution Ngọc Trai Mờ Quầng Thâm, Nếp Nhăn 90g",Sức Khỏe - Làm Đẹp -> Chăm Sóc Da Mặt -> Dưỡng Mắt -> Mặt Nạ Mắt,169000.0,True,0,7,0,Mặt Nạ Mắt JMsolution Mật Ong  | Mặt Nạ Mắt Lanbena Retinol Ngừ | Mặt Nạ Mắt Lanbena Vitamin C D,Mặt Nạ Mắt JMsolution Mật Ong  | Mặt Nạ Mắt Lanbena Retinol Ngừ | Mặt Nạ Mắt Lanbena Vitamin C D
P_825,"Mặt Nạ Mắt Lanbena Vitamin C Dưỡng Sáng, Mờ Quầng Thâm 60 Mi",Sức Khỏe - Làm Đẹp -> Chăm Sóc Da Mặt -> Dưỡng Mắt -> Mặt Nạ Mắt,125000.0,True,0,7,1,Mặt Nạ Mắt Lanbena Vàng 24K Gi | Mặt Nạ Mắt Lanbena Hyaluronic  | Mặt Nạ Mắt Lanbena Peptides Ng,Mặt Nạ Mắt Lanbena Hyaluronic  | Mặt Nạ Mắt Lanbena Peptides Ng | Mặt Nạ Mắt Lanbena Vàng 24K Gi
P_1777,"Mặt Nạ Mắt Lanbena Retinol Ngừa Lão Hóa, Mờ Nếp Nhăn 60 Miến",Sức Khỏe - Làm Đẹp -> Chăm Sóc Da Mặt -> Dưỡng Mắt -> Mặt Nạ Mắt,128000.0,True,0,7,1,Mặt Nạ Mắt Lanbena Vitamin C D | Mặt Nạ Mắt Lanbena Hyaluronic  | Mặt Nạ Mắt Lanbena Peptides Ng,Mặt Nạ Mắt Lanbena Vàng 24K Gi | Mặt Nạ Mắt Lanbena Hyaluronic  | Mặt Nạ Mắt Lanbena Peptides Ng
P_2696,Mặt Nạ Mắt Lanbena Vàng 24K Giảm Nếp Nhăn 60 Miếng,Sức Khỏe - Làm Đẹp -> Chăm Sóc Da Mặt -> Dưỡng Mắt -> Mặt Nạ Mắt,125000.0,True,0,7,1,Mặt Nạ Mắt Lanbena Vitamin C D | Mặt Nạ Mắt Lanbena Hyaluronic  | Mặt Nạ Mắt Lanbena Peptides Ng,Mặt Nạ Mắt Lanbena Vitamin C D | Mặt Nạ Mắt Lanbena Hyaluronic  | Mặt Nạ Mắt Lanbena Peptides Ng
P_2747,Mặt Nạ Mắt Purederm Làm Giảm Quầng Thâm Mắt 4 Miếng,Sức Khỏe - Làm Đẹp -> Chăm Sóc Da Mặt -> Dưỡng Mắt -> Mặt Nạ Mắt,26000.0,True,0,3,1,Mặt Nạ Mắt Purederm Collagen C | Mặt Nạ Mắt Purederm Chiết Xuất | Mặt Nạ Purederm Dưỡng Ẩm Vùng ,Mặt Nạ Mắt Purederm Collagen C | Mặt Nạ Purederm Dưỡng Ẩm Vùng  | Mặt Nạ Mắt Purederm Chiết Xuất
P_947,Tẩy Da Chết Môi Cocoon Từ Cà Phê Đắk Lắk 5g,Sức Khỏe - Làm Đẹp -> Chăm Sóc Da Mặt -> Dưỡng Môi -> Tẩy Tế Bào Chết Môi,59000.0,True,3,6,7,Tẩy Tế Bào Chết Môi BareSoul 2 | Tẩy Da Chết Môi Cocoon Từ Cà P | [Mini] Mặt Nạ Ngủ Môi Laneige ,Tẩy Da Chết Môi Cocoon Từ Cà P | Tẩy Tế Bào Chết Môi BareSoul 2 | Son Dưỡng Môi Nivea Hương Đào 
P_1575,Tẩy Tế Bào Chết Môi BareSoul 20g,Sức Khỏe - Làm Đẹp -> Chăm Sóc Da Mặt -> Dưỡng Môi -> Tẩy Tế Bào Chết Môi,125000.0,True,3,6,7,Tẩy Da Chết Môi Cocoon Từ Cà P | Tẩy Da Chết Môi Cocoon Từ Cà P | Son Dưỡng BareSoul Có Màu Cho ,Tẩy Da Chết Môi Cocoon Từ Cà P | Tẩy Da Chết Môi Cocoon Từ Cà P | Son Dưỡng BareSoul Có Màu Cho 
P_5734,Tẩy Da Chết Môi Cocoon Từ Cà Phê Đắk Lắk (Không Hộp) 5g,Sức Khỏe - Làm Đẹp -> Chăm Sóc Da Mặt -> Dưỡng Môi -> Tẩy Tế Bào Chết Môi,59000.0,True,3,6,7,Tẩy Da Chết Môi Cocoon Từ Cà P | Tẩy Tế Bào Chết Môi BareSoul 2 | Tinh Chất Dưỡng Môi Senka Cấp ,Tẩy Da Chết Môi Cocoon Từ Cà P | Tẩy Tế Bào Chết Môi BareSoul 2 | Son Dưỡng Mentholatum Chuyên B
P_1190,Miếng Dán Mũi Lột Mụn Lanbena Sạch Mụn Đầu Đen 30g,Sức Khỏe - Làm Đẹp -> Chăm Sóc Da Mặt -> Mặt Nạ -> Mặt Nạ Lột,138000.0,True,7,2,1,Mặt Nạ Lột Mụn Lanbena Than Tr | Combo 8 Miếng Dán Ciracle Hỗ T | Combo 5 Mặt Nạ Đen Sexylook Tr,Combo 8 Miếng Dán Ciracle Hỗ T | Mặt Nạ Lột Mụn Lanbena Than Tr | Mặt Nạ Đất Sét Derladie Hút Dầ
P_1218,Mặt Nạ Lột Mụn Lanbena Than Tre Loại Bỏ Mụn Đầu Đen 30g,Sức Khỏe - Làm Đẹp -> Chăm Sóc Da Mặt -> Mặt Nạ -> Mặt Nạ Lột,135000.0,True,7,2,1,Miếng Dán Mũi Lột Mụn Lanbena  | Combo 8 Miếng Dán Ciracle Hỗ T | Combo 5 Mặt Nạ Đen Sexylook Tr,Miếng Dán Mũi Lột Mụn Lanbena  | Combo 8 Miếng Dán Ciracle Hỗ T | Mặt Nạ Đất Sét Derladie Hút Dầ
P_2929,Combo 8 Miếng Dán Ciracle Hỗ Trợ Hút Và Đẩy Mụn Đầu Đen,Sức Khỏe - Làm Đẹp -> Chăm Sóc Da Mặt -> Mặt Nạ -> Mặt Nạ Lột,120000.0,True,7,2,1,Mặt Nạ Lột Mụn Lanbena Than Tr | Miếng Dán Mũi Lột Mụn Lanbena  | Combo 10 Mặt Nạ Colorkey Hỗ Tr,Miếng Dán Mũi Lột Mụn Lanbena  | Mặt Nạ Lột Mụn Lanbena Than Tr | Combo 10 Mặt Nạ Banobagi Thu N
P_1944,"Gel Dưỡng Azderma Hỗ Trợ Giảm Thâm, Cấp Ẩm Sáng Da 20g",Sức Khỏe - Làm Đẹp -> Chăm Sóc Da Mặt -> Đặc Trị -> Sản Phẩm Đặc Trị Khác,161000.0,True,1,0,0,Kem Dưỡng The Cafuné Mờ Thâm N | Serum L'Oreal Hyaluronic Acid  | Serum Balance Active Formula A,Kem Dưỡng The Cafuné Mờ Thâm N | Serum Balance Active Formula A | Serum Bio-essence Dưỡng Da Tươ
P_2131,"Kem Dưỡng The Cafuné Mờ Thâm Nám, Tàn Nhang, Đều Màu Da 28g",Sức Khỏe - Làm Đẹp -> Chăm Sóc Da Mặt -> Đặc Trị -> Sản Phẩm Đặc Trị Khác,194000.0,True,1,0,0,Gel Dưỡng Azderma Hỗ Trợ Giảm  | Serum Garnier Tăng Cường Sáng  | Serum Balance Active Formula A,Gel Dưỡng Azderma Hỗ Trợ Giảm  | Combo Serum Balance Active For | Serum Neutrogena Niacinamide C
