Config,K,Best_WCSS,Median_WCSS,Std_WCSS,CV_WCSS_Pct,Mean_ARI_to_Best,Min_ARI_to_Best
CONFIG_TAX_PRICE_SKIN,6,3390.8945,3534.2132,145.9975,4.08,0.7701,0.5156
CONFIG_TAX_PRICE_SKIN,8,2766.0166,2948.5188,134.4258,4.59,0.7709,0.6043
CONFIG_TAX_PRICE_SKIN,10,2382.4547,2525.9248,108.1782,4.25,0.8225,0.6763
CONFIG_TAX_PRICE_SKIN,12,2154.154,2290.844,104.0411,4.51,0.8381,0.6931
CONFIG_TAX_PRICE_SKIN_ING,6,5124.7711,5244.2105,146.7125,2.78,0.772,0.4699
CONFIG_TAX_PRICE_SKIN_ING,8,4407.4492,4591.2506,176.894,3.84,0.7923,0.5738
CONFIG_TAX_PRICE_SKIN_ING,10,3994.0712,4139.822,128.1818,3.08,0.8356,0.6522
CONFIG_TAX_PRICE_SKIN_ING,12,3729.0635,3862.5082,89.4316,2.3,0.8272,0.6511
CONFIG_BLOCK_NORMALIZED,6,3741.4976,3873.341,93.3802,2.4,0.6202,0.2971
CONFIG_BLOCK_NORMALIZED,8,3440.4024,3576.5139,113.2299,3.15,0.6544,0.3345
CONFIG_BLOCK_NORMALIZED,10,3193.3726,3360.1396,112.749,3.34,0.6636,0.2844
CONFIG_BLOCK_NORMALIZED,12,3026.5402,3163.6681,91.1798,2.87,0.6661,0.4875
