Config,K,Subsample_Fraction,Trials,Mean_ARI_Subsample,Std_ARI_Subsample,Min_ARI_Subsample
CONFIG_TAX_PRICE_SKIN,6,0.8,50,0.7666,0.1222,0.4888
CONFIG_TAX_PRICE_SKIN,8,0.8,50,0.8066,0.0977,0.611
CONFIG_TAX_PRICE_SKIN,10,0.8,50,0.8053,0.0831,0.6322
CONFIG_TAX_PRICE_SKIN_ING,6,0.8,50,0.746,0.1281,0.465
CONFIG_TAX_PRICE_SKIN_ING,8,0.8,50,0.8116,0.1192,0.6124
CONFIG_TAX_PRICE_SKIN_ING,10,0.8,50,0.7948,0.0928,0.6183
CONFIG_BLOCK_NORMALIZED,6,0.8,50,0.564,0.1383,0.3469
CONFIG_BLOCK_NORMALIZED,8,0.8,50,0.654,0.1312,0.3693
CONFIG_BLOCK_NORMALIZED,10,0.8,50,0.6599,0.1171,0.3628
